date,ts_code,name,shares,buy_price,buy_date,current_price,market_value,pnl_pct
20180129,600855.SH,航天长峰,900,13.7606,20180115,15.58,14022.0,13.22
20180129,000721.SZ,西安饮食,2400,5.338,20180115,5.43,13032.0,1.72
20180129,600889.SH,南京化纤,1500,8.3024,20180115,8.3,12450.0,-0.03
20180129,000705.SZ,浙江震元,1500,8.0921,20180115,8.29,12435.0,2.45
20180129,600237.SH,铜峰电子,2400,5.2278,20180115,5.13,12312.0,-1.87
20180129,603020.SH,爱普股份,1000,11.7376,20180115,11.72,11720.0,-0.15
20180129,000737.SZ,北方铜业,2800,4.4967,20180115,0.0,0.0,-100.0
20180212,603117.SH,万林物流,1400,8.8032,20180129,8.59,12026.0,-2.42
20180212,000737.SZ,北方铜业,2800,4.4967,20180115,4.22,11816.0,-6.15
20180212,000428.SZ,华天酒店,3000,4.1262,20180129,3.62,10860.0,-12.27
20180212,600540.SH,新赛股份,2800,4.4166,20180129,3.84,10752.0,-13.06
20180212,600854.SH,春兰股份,2300,5.2879,20180129,4.6,10580.0,-13.01
20180212,603020.SH,爱普股份,1000,11.7376,20180115,10.34,10340.0,-11.91
20180212,600237.SH,铜峰电子,2400,5.2278,20180115,4.19,10056.0,-19.85
20180212,600889.SH,南京化纤,1400,8.3024,20180115,6.28,8792.0,-24.36
20180226,600288.SH,大恒科技,2100,6.7802,20180212,7.22,15162.0,6.49
20180226,600616.SH,金枫酒业,2000,7.2208,20180212,7.5,15000.0,3.87
20180312,600288.SH,大恒科技,2000,6.7802,20180212,8.25,16500.0,21.68
20180312,600616.SH,金枫酒业,1900,7.2208,20180212,8.18,15542.0,13.28
20180312,603020.SH,爱普股份,1300,10.656,20180226,11.66,15158.0,9.42
20180326,000159.SZ,国际实业,2600,4.7071,20180312,4.43,11518.0,-5.89
20180326,000809.SZ,和展能源,3500,3.4952,20180312,3.26,11410.0,-6.73
20180326,600159.SH,大龙地产,3400,3.6254,20180312,3.32,11288.0,-8.42
20180326,000965.SZ,天保基建,2100,5.7086,20180312,5.37,11277.0,-5.93
20180326,600791.SH,京能置业,1800,6.5999,20180312,6.25,11250.0,-5.3
20180326,000716.SZ,黑芝麻,2200,5.4281,20180312,5.04,11088.0,-7.15
20180409,000809.SZ,和展能源,4400,3.4481,20180312,3.53,15532.0,2.37
20180409,600573.SH,惠泉啤酒,1900,7.5313,20180326,7.66,14554.0,1.71
20180409,000159.SZ,国际实业,3200,4.6563,20180312,4.49,14368.0,-3.57
20180423,600573.SH,惠泉啤酒,1500,7.5313,20180326,8.56,12840.0,13.66
20180423,600237.SH,铜峰电子,2500,4.5568,20180409,4.74,11850.0,4.02
20180423,603300.SH,海南华铁,1600,7.0606,20180409,7.1,11360.0,0.56
20180423,600589.SH,大位科技,2100,5.4381,20180409,5.38,11298.0,-1.07
20180423,603979.SH,金诚信,1200,9.374,20180409,9.17,11004.0,-2.18
20180423,600854.SH,春兰股份,2400,4.7171,20180409,4.55,10920.0,-3.54
20180423,000159.SZ,国际实业,2600,4.6563,20180312,4.18,10868.0,-10.23
20180423,000573.SZ,粤宏远Ａ,2500,4.6169,20180409,4.27,10675.0,-7.51
20180423,600078.SH,澄星股份,2500,4.5168,20180409,4.23,10575.0,-6.35
20180423,600592.SH,龙溪股份,1300,8.5929,20180409,7.88,10244.0,-8.3
20180507,603558.SH,健盛集团,1300,9.4241,20180423,10.29,13377.0,9.19
20180507,600854.SH,春兰股份,2700,4.6993,20180409,4.77,12879.0,1.51
20180507,603979.SH,金诚信,1300,9.3594,20180409,9.76,12688.0,4.28
20180507,000159.SZ,国际实业,2900,4.6077,20180312,4.33,12557.0,-6.03
20180507,000573.SZ,粤宏远Ａ,2900,4.5699,20180409,4.32,12528.0,-5.47
20180507,600078.SH,澄星股份,2900,4.4781,20180409,4.21,12209.0,-5.99
20180507,600592.SH,龙溪股份,1500,8.4994,20180409,8.09,12135.0,-4.82
20180521,600078.SH,澄星股份,2900,4.4781,20180409,4.54,13166.0,1.38
20180521,000159.SZ,国际实业,2800,4.6077,20180312,4.6,12880.0,-0.17
20180521,600791.SH,京能置业,2200,5.5483,20180507,5.68,12496.0,2.37
20180521,000978.SZ,桂林旅游,1700,6.9204,20180507,7.06,12002.0,2.02
20180521,000428.SZ,华天酒店,3300,3.6154,20180507,3.62,11946.0,0.13
20180521,000530.SZ,冰山冷热,2500,4.7772,20180507,4.77,11925.0,-0.15
20180604,000978.SZ,桂林旅游,1700,6.9204,20180507,6.78,11526.0,-2.03
20180604,000530.SZ,冰山冷热,2500,4.7772,20180507,4.59,11475.0,-3.92
20180604,000428.SZ,华天酒店,3300,3.6154,20180507,3.38,11154.0,-6.51
20180604,000859.SZ,国风新材,3400,3.5553,20180521,3.27,11118.0,-8.03
20180604,600692.SH,亚通股份,1300,9.0736,20180521,8.52,11076.0,-6.1
20180604,000565.SZ,渝三峡Ａ,1900,6.2393,20180521,5.8,11020.0,-7.04
20180615,000859.SZ,国风新材,2200,3.5553,20180521,3.03,6666.0,-14.78
20180615,000428.SZ,华天酒店,2100,3.6154,20180507,3.13,6573.0,-13.43
20180716,600613.SH,神奇制药,1100,6.0491,20180702,6.23,6853.0,2.99
20180730,000662.SZ,天夏退(退),2000,5.8788,20180716,6.75,13500.0,14.82
20180730,601326.SH,秦港股份,3100,3.8658,20180716,4.06,12586.0,5.02
20180730,000716.SZ,黑芝麻,3400,3.5353,20180716,3.69,12546.0,4.38
20180730,600078.SH,澄星股份,3500,3.3751,20180716,3.53,12355.0,4.59
20180730,000159.SZ,国际实业,3300,3.6354,20180716,3.71,12243.0,2.05
20180730,601599.SH,浙文影业,3100,3.8658,20180716,3.94,12214.0,1.92
20180813,000159.SZ,国际实业,3300,3.6354,20180716,4.24,13992.0,16.63
20180813,600585.SH,海螺水泥,300,39.1486,20180730,38.48,11544.0,-1.71
20180813,603660.SH,苏州科达,600,19.8898,20180730,18.73,11238.0,-5.83
20180813,000568.SZ,泸州老窖,200,55.2327,20180730,47.9,9580.0,-13.28
20180813,000333.SZ,美的集团,200,47.5312,20180730,44.59,8918.0,-6.19
20180813,000858.SZ,五粮液,100,72.7089,20180730,64.41,6441.0,-11.41
20180827,000978.SZ,桂林旅游,2000,5.9289,20180813,6.03,12060.0,1.71
20180827,603518.SH,锦泓集团,700,17.1557,20180813,17.22,12054.0,0.37
20180827,600585.SH,海螺水泥,300,39.1486,20180730,38.48,11544.0,-1.71
20180827,603660.SH,苏州科达,600,19.8898,20180730,18.36,11016.0,-7.69
20180827,000333.SZ,美的集团,200,47.5312,20180730,42.91,8582.0,-9.72
20180827,601888.SH,中国中免,100,63.8356,20180813,64.98,6498.0,1.79
20180910,603660.SH,苏州科达,600,19.8898,20180730,17.81,10686.0,-10.46
20180910,600585.SH,海螺水泥,300,39.1486,20180730,34.12,10236.0,-12.84
20180910,000858.SZ,五粮液,100,65.408,20180827,60.38,6038.0,-7.69
20180910,601888.SH,中国中免,100,63.8356,20180813,60.06,6006.0,-5.91
20180910,000333.SZ,美的集团,200,47.5312,20180730,0.0,0.0,-100.0
20180921,601888.SH,中国中免,200,61.9929,20180813,67.51,13502.0,8.9
20180921,000858.SZ,五粮液,200,62.9393,20180827,66.42,13284.0,5.53
20180921,000333.SZ,美的集团,200,47.5312,20180730,0.0,0.0,-100.0
20181008,600036.SH,招商银行,300,30.3455,20180921,29.43,8829.0,-3.02
20181008,603288.SH,海天味业,100,76.4145,20180921,74.0,7400.0,-3.16
20181008,601318.SH,中国平安,100,67.5912,20180921,64.78,6478.0,-4.16
20181008,000858.SZ,五粮液,100,62.9393,20180827,63.48,6348.0,0.86
20181008,600276.SH,恒瑞医药,100,60.9112,20180921,58.39,5839.0,-4.14
20181008,000333.SZ,美的集团,200,47.5312,20180730,0.0,0.0,-100.0
20181022,601318.SH,中国平安,200,66.2342,20180921,67.93,13586.0,2.56
20181022,600036.SH,招商银行,400,30.1276,20180921,30.0,12000.0,-0.42
20181022,603288.SH,海天味业,100,76.4145,20180921,74.18,7418.0,-2.92
20181022,000333.SZ,美的集团,200,47.5312,20180730,0.0,0.0,-100.0
20181105,600585.SH,海螺水泥,400,35.3429,20181022,34.35,13740.0,-2.81
20181105,600690.SH,海尔智家,1000,13.9709,20181022,13.55,13550.0,-3.01
20181105,600036.SH,招商银行,400,30.1276,20180921,30.0,12000.0,-0.42
20181105,000333.SZ,美的集团,200,47.5312,20180730,41.28,8256.0,-13.15
20181119,600036.SH,招商银行,400,30.1276,20180921,28.95,11580.0,-3.91
20181119,600690.SH,海尔智家,800,13.9709,20181022,14.2,11360.0,1.64
20181119,601888.SH,中国中免,200,57.5562,20181105,55.42,11084.0,-3.71
20181119,000858.SZ,五粮液,200,51.8276,20181105,51.69,10338.0,-0.27
20181119,600585.SH,海螺水泥,300,35.3429,20181022,32.51,9753.0,-8.02
20181119,601318.SH,中国平安,100,66.6799,20181105,65.72,6572.0,-1.44
20181203,600036.SH,招商银行,400,30.1276,20180921,29.46,11784.0,-2.22
20181203,601888.SH,中国中免,200,57.5562,20181105,56.75,11350.0,-1.4
20181203,000552.SZ,甘肃能化,4100,2.9144,20181119,2.76,11316.0,-5.3
20181203,000858.SZ,五粮液,200,51.8276,20181105,55.09,11018.0,6.29
20181203,600585.SH,海螺水泥,300,35.3429,20181022,32.54,9762.0,-7.93
20181203,601318.SH,中国平安,100,66.6799,20181105,64.99,6499.0,-2.53
20181217,000552.SZ,甘肃能化,4100,2.9144,20181119,2.73,11193.0,-6.33
20181217,600780.SH,通宝能源,3300,3.4351,20181203,3.37,11121.0,-1.9
20181217,601918.SH,新集能源,3600,3.1547,20181203,3.08,11088.0,-2.37
20181217,000589.SZ,贵州轮胎,3100,3.6855,20181203,3.56,11036.0,-3.41
20181217,000791.SZ,甘肃能源,2200,5.1577,20181203,4.97,10934.0,-3.64
20181217,000965.SZ,天保基建,2700,4.1462,20181203,4.04,10908.0,-2.56
20181217,601233.SH,桐昆股份,1000,11.317,20181203,10.82,10820.0,-4.39
20181217,000620.SZ,盈新发展,2700,4.2464,20181203,3.99,10773.0,-6.04
20181217,600308.SH,华泰股份,2400,4.7071,20181203,4.48,10752.0,-4.82
20181217,000862.SZ,银星能源,3400,3.315,20181203,3.15,10710.0,-4.98
20181228,000791.SZ,甘肃能源,3200,5.1014,20181203,5.06,16192.0,-0.81
20181228,000862.SZ,银星能源,5300,3.2575,20181203,2.96,15688.0,-9.13
20181228,000965.SZ,天保基建,3800,4.1172,20181203,3.85,14630.0,-6.49
20181228,600308.SH,华泰股份,2900,4.6691,20181203,4.35,12615.0,-6.83
20181228,000589.SZ,贵州轮胎,3600,3.6688,20181203,3.35,12060.0,-8.69
20181228,000570.SZ,苏常柴Ａ,2700,3.9359,20181217,3.74,10098.0,-4.98
20181228,603100.SH,川仪股份,1300,8.0721,20181217,7.52,9776.0,-6.84
20181228,600590.SH,泰豪科技,1800,5.6184,20181217,5.39,9702.0,-4.07
20181228,600051.SH,宁波联合,1800,5.5683,20181217,5.39,9702.0,-3.2
20181228,601877.SH,正泰电器,400,23.5353,20181217,24.24,9696.0,2.99
20181228,600982.SH,宁波能源,2900,3.2148,20181217,3.33,9657.0,3.58
20181228,600383.SH,金地集团,1000,10.0751,20181217,9.62,9620.0,-4.52
20181228,600356.SH,恒丰纸业,1700,5.7586,20181217,5.49,9333.0,-4.66
20181228,000850.SZ,华茂股份,2900,3.345,20181217,3.2,9280.0,-4.34
20181228,600894.SH,广日股份,1700,5.7186,20181217,5.45,9265.0,-4.7
20181228,600960.SH,渤海汽车,2600,3.9059,20181217,3.52,9152.0,-9.88
20181228,000716.SZ,黑芝麻,3200,3.0546,20181217,2.79,8928.0,-8.66
20181228,600805.SH,悦达投资,1900,4.9674,20181217,4.6,8740.0,-7.4
20181228,600751.SH,海航科技,3200,2.9644,20181217,2.71,8672.0,-8.58
20181228,600340.SH,华夏幸福,300,28.3825,20181217,25.45,7635.0,-10.33
20190114,600356.SH,恒丰纸业,2300,5.6907,20181217,5.95,13685.0,4.56
20190114,600590.SH,泰豪科技,2300,5.5705,20181217,5.89,13547.0,5.74
20190114,600805.SH,悦达投资,2700,4.8606,20181217,4.99,13473.0,2.66
20190114,600051.SH,宁波联合,2300,5.5313,20181217,5.75,13225.0,3.95
20190114,600340.SH,华夏幸福,500,27.2248,20181217,26.21,13105.0,-3.73
20190114,000862.SZ,银星能源,3900,3.2575,20181203,3.32,12948.0,1.92
20190114,000850.SZ,华茂股份,3800,3.3118,20181217,3.39,12882.0,2.36
20190114,600894.SH,广日股份,2200,5.6594,20181217,5.68,12496.0,0.36
20190114,000716.SZ,黑芝麻,4100,2.9974,20181217,3.03,12423.0,1.09
20190114,603100.SH,川仪股份,1400,8.0335,20181217,8.31,11634.0,3.44
20190114,000010.SZ,美丽生态,3100,3.2649,20181228,3.55,11005.0,8.73
20190114,600383.SH,金地集团,1100,10.035,20181217,10.0,11000.0,-0.35
20190114,600036.SH,招商银行,400,25.2378,20181228,26.31,10524.0,4.25
20190114,000570.SZ,苏常柴Ａ,2400,3.9359,20181217,4.08,9792.0,3.66
20190114,000965.SZ,天保基建,2400,4.1172,20181203,4.01,9624.0,-2.6
20190114,000715.SZ,中兴商业,1500,5.8187,20181228,6.38,9570.0,9.65
20190114,601877.SH,正泰电器,400,23.5353,20181217,23.9,9560.0,1.55
20190114,000589.SZ,贵州轮胎,2600,3.6688,20181203,3.59,9334.0,-2.15
20190114,600031.SH,三一重工,1100,8.3525,20181228,8.38,9218.0,0.33
20190114,000898.SZ,鞍钢股份,1700,5.1377,20181228,5.13,8721.0,-0.15
20190128,600031.SH,三一重工,1500,8.3632,20181228,9.08,13620.0,8.57
20190128,601877.SH,正泰电器,500,23.6154,20181217,25.95,12975.0,9.89
20190128,000898.SZ,鞍钢股份,2400,5.1377,20181228,5.13,12312.0,-0.15
20190128,601318.SH,中国平安,200,57.2057,20190114,61.52,12304.0,7.54
20190128,600383.SH,金地集团,1200,10.0334,20181217,10.09,12108.0,0.56
20190128,000968.SZ,蓝焰控股,1100,10.2754,20190114,10.59,11649.0,3.06
20190128,601717.SH,中创智领,2000,5.7486,20190114,5.76,11520.0,0.2
20190128,600036.SH,招商银行,400,25.2378,20181228,28.66,11464.0,13.56
20190128,600780.SH,通宝能源,3300,3.4051,20190114,3.42,11286.0,0.44
20190128,600900.SH,长江电力,700,15.2929,20190114,15.91,11137.0,4.04
20190128,600491.SH,龙元建设,1700,6.6099,20190114,6.35,10795.0,-3.93
20190128,600340.SH,华夏幸福,400,27.2248,20181217,26.52,10608.0,-2.59
20190211,600031.SH,三一重工,1300,8.3632,20181228,9.48,12324.0,13.35
20190211,600780.SH,通宝能源,3500,3.4062,20190114,3.39,11865.0,-0.48
20190211,601225.SH,陕西煤业,1400,8.2824,20190128,8.41,11774.0,1.54
20190211,600036.SH,招商银行,400,25.2378,20181228,29.39,11756.0,16.45
20190211,601877.SH,正泰电器,400,23.6154,20181217,26.62,10648.0,12.72
20190211,601318.SH,中国平安,100,57.2057,20190114,64.39,6439.0,12.56
20190225,000930.SZ,中粮科技,1700,7.0005,20190211,8.39,14263.0,19.85
20190225,600780.SH,通宝能源,3600,3.4059,20190114,3.71,13356.0,8.93
20190225,600031.SH,三一重工,1200,8.3632,20181228,10.92,13104.0,30.57
20190225,600036.SH,招商银行,400,25.2378,20181228,32.52,13008.0,28.85
20190225,601225.SH,陕西煤业,1400,8.2824,20190128,8.85,12390.0,6.85
20190311,600302.SH,标准股份,2500,5.0576,20190225,5.98,14950.0,18.24
20190311,000930.SZ,中粮科技,1500,7.0005,20190211,9.08,13620.0,29.71
20190311,000809.SZ,和展能源,4400,2.7441,20190225,2.99,13156.0,8.96
20190311,600606.SH,绿地控股,1800,6.9304,20190225,7.24,13032.0,4.47
20190311,600031.SH,三一重工,1100,8.3632,20181228,11.18,12298.0,33.68
20190311,601225.SH,陕西煤业,1400,8.2824,20190128,8.71,12194.0,5.16
20190311,600376.SH,首开股份,1500,7.8618,20190225,8.04,12060.0,2.27
20190311,600048.SH,保利发展,900,13.6404,20190225,13.03,11727.0,-4.48
20190311,000568.SZ,泸州老窖,200,52.4686,20190225,51.45,10290.0,-1.94
20190311,600872.SH,中炬高新,300,32.048,20190225,31.74,9522.0,-0.96
20190311,600036.SH,招商银行,300,25.2378,20181228,30.53,9159.0,20.97
20190311,601318.SH,中国平安,100,73.1095,20190225,68.79,6879.0,-5.91
20190325,000570.SZ,苏常柴Ａ,2600,4.7171,20190311,5.9,15340.0,25.08
20190325,600376.SH,首开股份,1600,7.8737,20190225,9.18,14688.0,16.59
20190325,600665.SH,天地源,3100,4.1763,20190311,4.38,13578.0,4.88
20190325,600603.SH,广汇物流,2500,5.0075,20190311,5.4,13500.0,7.84
20190325,000157.SZ,中联重科,2900,4.2964,20190311,4.53,13137.0,5.44
20190325,000809.SZ,和展能源,4300,2.7441,20190225,3.02,12986.0,10.05
20190325,600606.SH,绿地控股,1700,6.9304,20190225,7.45,12665.0,7.5
20190325,600017.SH,日照港,3500,3.4351,20190311,3.47,12145.0,1.01
20190325,600048.SH,保利发展,900,13.6404,20190225,13.46,12114.0,-1.32
20190325,000776.SZ,广发证券,700,16.8152,20190311,16.16,11312.0,-3.9
20190325,601336.SH,新华保险,200,49.9348,20190311,51.95,10390.0,4.04
20190325,000858.SZ,五粮液,100,76.114,20190311,82.81,8281.0,8.8
20190408,000157.SZ,中联重科,2900,4.2964,20190311,5.47,15863.0,27.31
20190408,600017.SH,日照港,3900,3.4393,20190311,3.73,14547.0,8.45
20190408,600603.SH,广汇物流,2500,5.0075,20190311,5.81,14525.0,16.03
20190408,000809.SZ,和展能源,4500,2.7566,20190225,3.14,14130.0,13.91
20190408,600665.SH,天地源,3100,4.1763,20190311,4.55,14105.0,8.95
20190408,600606.SH,绿地控股,1700,6.9304,20190225,8.01,13617.0,15.58
20190408,600382.SH,广东明珠,1200,9.5042,20190325,11.26,13512.0,18.47
20190408,600173.SH,卧龙新能,2500,4.9975,20190325,5.39,13475.0,7.85
20190408,600051.SH,宁波联合,1800,6.9805,20190325,7.3,13140.0,4.58
20190408,600805.SH,悦达投资,1900,6.2093,20190325,6.86,13034.0,10.48
20190408,600189.SH,泉阳泉,2500,4.9174,20190325,5.06,12650.0,2.9
20190408,000858.SZ,五粮液,100,76.114,20190311,102.0,10200.0,34.01
20190422,600189.SH,泉阳泉,2700,4.9285,20190325,5.18,13986.0,5.1
20190422,000809.SZ,和展能源,4400,2.7566,20190225,3.15,13860.0,14.27
20190422,600051.SH,宁波联合,1900,6.9978,20190325,7.22,13718.0,3.17
20190422,000589.SZ,贵州轮胎,3000,4.3966,20190408,4.52,13560.0,2.81
20190422,600665.SH,天地源,3000,4.1763,20190311,4.4,13200.0,5.36
20190422,000631.SZ,顺发恒能,3500,3.8157,20190408,3.76,13160.0,-1.46
20190422,600606.SH,绿地控股,1700,6.9304,20190225,7.48,12716.0,7.93
20190422,601155.SH,新城控股,300,43.385,20190408,39.07,11721.0,-9.95
20190422,603313.SH,梦百合,400,28.683,20190408,27.67,11068.0,-3.53
20190422,600031.SH,三一重工,900,13.8207,20190408,12.19,10971.0,-11.8
20190422,000858.SZ,五粮液,100,76.114,20190311,101.13,10113.0,32.87
20190422,600585.SH,海螺水泥,200,44.6268,20190408,40.71,8142.0,-8.78
20190506,000069.SZ,华侨城Ａ,1600,7.9219,20190422,7.43,11888.0,-6.21
20190506,600665.SH,天地源,2900,4.1763,20190311,4.0,11600.0,-4.22
20190506,600325.SH,华发股份,1500,8.5027,20190422,7.72,11580.0,-9.21
20190506,600585.SH,海螺水泥,300,43.3416,20190408,38.51,11553.0,-11.15
20190506,600031.SH,三一重工,1000,13.6595,20190408,11.4,11400.0,-16.54
20190506,601155.SH,新城控股,300,43.385,20190408,37.5,11250.0,-13.56
20190506,000589.SZ,贵州轮胎,2800,4.3966,20190408,3.86,10808.0,-12.2
20190506,600051.SH,宁波联合,1700,6.9978,20190325,6.18,10506.0,-11.69
20190506,000631.SZ,顺发恒能,3400,3.8157,20190408,3.04,10336.0,-20.33
20190506,000858.SZ,五粮液,100,76.114,20190311,92.12,9212.0,21.03
20190520,600051.SH,宁波联合,2000,6.8766,20190325,6.37,12740.0,-7.37
20190520,600100.SH,同方股份,1200,9.7446,20190506,9.83,11796.0,0.88
20190520,600657.SH,信达地产,2800,4.3465,20190506,4.18,11704.0,-3.83
20190520,603589.SH,口子窖,200,58.6579,20190506,58.4,11680.0,-0.44
20190520,000069.SZ,华侨城Ａ,1600,7.9219,20190422,7.15,11440.0,-9.74
20190520,603313.SH,梦百合,500,23.6254,20190506,22.85,11425.0,-3.28
20190520,000858.SZ,五粮液,100,76.114,20190311,104.0,10400.0,36.64
20190520,600779.SH,水井坊,200,45.418,20190506,48.29,9658.0,6.32
20190520,000568.SZ,泸州老窖,100,70.6058,20190506,74.1,7410.0,4.95
20190603,600657.SH,信达地产,1800,4.3465,20190506,4.06,7308.0,-6.59
20190603,000568.SZ,泸州老窖,100,70.6058,20190506,69.6,6960.0,-1.42
20190617,000568.SZ,泸州老窖,200,70.1551,20190506,69.82,13964.0,-0.48
20190617,603288.SH,海天味业,100,103.0644,20190603,101.43,10143.0,-1.59
20190701,000568.SZ,泸州老窖,200,70.1551,20190506,83.65,16730.0,19.24
20190701,600887.SH,伊利股份,400,31.5573,20190617,34.26,13704.0,8.56
20190701,000858.SZ,五粮液,100,103.8556,20190617,126.0,12600.0,21.32
20190715,000858.SZ,五粮液,100,103.8556,20190617,125.09,12509.0,20.45
20190715,603288.SH,海天味业,100,108.7128,20190701,101.93,10193.0,-6.24
20190715,600887.SH,伊利股份,300,31.5573,20190617,33.72,10116.0,6.85
20190715,601318.SH,中国平安,100,91.9778,20190701,88.08,8808.0,-4.24
20190715,000568.SZ,泸州老窖,100,70.1551,20190506,87.48,8748.0,24.7
20190729,000858.SZ,五粮液,100,103.8556,20190617,123.75,12375.0,19.16
20190729,600585.SH,海螺水泥,300,41.5422,20190715,40.99,12297.0,-1.33
20190729,603288.SH,海天味业,100,108.7128,20190701,101.09,10109.0,-7.01
20190729,600887.SH,伊利股份,300,31.5573,20190617,32.24,9672.0,2.16
20190729,601318.SH,中国平安,100,91.9778,20190701,89.45,8945.0,-2.75
20190729,000568.SZ,泸州老窖,100,70.1551,20190506,82.93,8293.0,18.21
20190812,600585.SH,海螺水泥,300,41.5422,20190715,38.74,11622.0,-6.75
20190812,600887.SH,伊利股份,400,31.74,20190617,28.14,11256.0,-11.34
20190812,000568.SZ,泸州老窖,100,70.1551,20190506,79.63,7963.0,13.51
20190826,600887.SH,伊利股份,500,31.0285,20190617,28.17,14085.0,-9.21
20190826,601888.SH,中国中免,100,87.7314,20190812,94.84,9484.0,8.1
20190826,000568.SZ,泸州老窖,100,70.1551,20190506,86.87,8687.0,23.83
20190909,603589.SH,口子窖,200,63.0945,20190826,63.5,12700.0,0.64
20190909,600887.SH,伊利股份,400,31.0285,20190617,29.69,11876.0,-4.31
20190909,601888.SH,中国中免,100,87.7314,20190812,93.8,9380.0,6.92
20190909,000568.SZ,泸州老窖,100,70.1551,20190506,93.25,9325.0,32.92
20190909,600809.SH,山西汾酒,100,70.3454,20190826,76.96,7696.0,9.4
20190923,603589.SH,口子窖,200,63.0945,20190826,59.27,11854.0,-6.06
20190923,600887.SH,伊利股份,400,31.0285,20190617,28.39,11356.0,-8.5
20190923,601888.SH,中国中免,100,87.7314,20190812,92.79,9279.0,5.77
20190923,000568.SZ,泸州老窖,100,70.1551,20190506,87.65,8765.0,24.94
20190923,600809.SH,山西汾酒,100,70.3454,20190826,76.96,7696.0,9.4
20190930,600751.SH,海航科技,4000,3.0846,20190923,2.96,11840.0,-4.04
20190930,000651.SZ,格力电器,200,57.7966,20190923,57.3,11460.0,-0.86
20190930,603589.SH,口子窖,200,63.0945,20190826,55.78,11156.0,-11.59
20190930,603288.SH,海天味业,100,110.2652,20190923,109.91,10991.0,-0.32
20190930,601888.SH,中国中免,100,87.7314,20190812,93.06,9306.0,6.07
20190930,603658.SH,安图生物,100,86.9402,20190923,88.51,8851.0,1.81
20190930,000568.SZ,泸州老窖,100,70.1551,20190506,85.22,8522.0,21.47
20190930,600276.SH,恒瑞医药,100,81.2216,20190923,80.68,8068.0,-0.67
20191021,600751.SH,海航科技,4100,3.0817,20190923,2.87,11767.0,-6.87
20191021,000651.SZ,格力电器,200,57.7966,20190923,58.44,11688.0,1.11
20191021,603589.SH,口子窖,200,63.0945,20190826,53.55,10710.0,-15.13
20191021,603369.SH,今世缘,300,32.3685,20190930,31.67,9501.0,-2.16
20191021,601888.SH,中国中免,100,87.7314,20190812,94.75,9475.0,8.0
20191021,000568.SZ,泸州老窖,100,70.1551,20190506,83.57,8357.0,19.12
20191021,600276.SH,恒瑞医药,100,81.2216,20190923,82.61,8261.0,1.71
20191104,000651.SZ,格力电器,200,57.7966,20190923,64.45,12890.0,11.51
20191104,600436.SH,片仔癀,100,112.3883,20191021,108.5,10850.0,-3.46
20191104,603369.SH,今世缘,300,32.3685,20190930,32.83,9849.0,1.43
20191104,601888.SH,中国中免,100,87.7314,20190812,92.92,9292.0,5.91
20191104,600276.SH,恒瑞医药,100,81.2216,20190923,92.2,9220.0,13.52
20191104,600809.SH,山西汾酒,100,85.9487,20191021,92.1,9210.0,7.16
20191104,000568.SZ,泸州老窖,100,70.1551,20190506,87.4,8740.0,24.58
20191118,601009.SH,南京银行,1400,8.8432,20191104,8.63,12082.0,-2.41
20191118,603589.SH,口子窖,200,50.3154,20191104,53.57,10714.0,6.47
20191118,600809.SH,山西汾酒,100,85.9487,20191021,96.62,9662.0,12.42
20191118,603866.SH,桃李面包,200,43.1446,20191104,47.4,9480.0,9.86
20191118,603369.SH,今世缘,300,32.3685,20190930,31.0,9300.0,-4.23
20191118,600276.SH,恒瑞医药,100,81.2216,20190923,92.9,9290.0,14.38
20191118,600585.SH,海螺水泥,200,44.4165,20191104,43.64,8728.0,-1.75
20191118,601888.SH,中国中免,100,87.7314,20190812,86.65,8665.0,-1.23
20191118,000568.SZ,泸州老窖,100,70.1551,20190506,85.06,8506.0,21.25
20191202,601009.SH,南京银行,1800,8.7987,20191104,8.26,14868.0,-6.12
20191202,600585.SH,海螺水泥,300,44.1795,20191104,46.69,14007.0,5.68
20191202,603589.SH,口子窖,200,50.3154,20191104,54.09,10818.0,7.5
20191216,600585.SH,海螺水泥,300,44.1795,20191104,48.92,14676.0,10.73
20191216,000333.SZ,美的集团,200,54.8321,20191202,58.11,11622.0,5.98
20191216,000538.SZ,云南白药,100,86.5096,20191202,87.41,8741.0,1.04
20191230,000651.SZ,格力电器,200,63.1947,20191216,65.58,13116.0,3.77
20191230,000333.SZ,美的集团,200,54.8321,20191202,58.23,11646.0,6.2
20191230,600585.SH,海螺水泥,200,44.1795,20191104,52.77,10554.0,19.44
20191230,000538.SZ,云南白药,100,86.5096,20191202,88.1,8810.0,1.84
20191230,600276.SH,恒瑞医药,100,85.3779,20191216,85.5,8550.0,0.14
20200113,600887.SH,伊利股份,400,30.8762,20191230,32.99,13196.0,6.85
20200113,000333.SZ,美的集团,200,54.8321,20191202,60.11,12022.0,9.63
20200113,600690.SH,海尔智家,600,19.339,20191230,19.89,11934.0,2.85
20200113,603589.SH,口子窖,200,55.1827,20191230,59.6,11920.0,8.0
20200113,600352.SH,浙江龙盛,800,14.4316,20191230,14.56,11648.0,0.89
20200113,600161.SH,天坛生物,400,27.0705,20191230,28.19,11276.0,4.14
20200113,600309.SH,万华化学,200,56.1341,20191230,54.4,10880.0,-3.09
20200113,600585.SH,海螺水泥,200,44.1795,20191104,52.72,10544.0,19.33
20200113,000568.SZ,泸州老窖,100,85.8586,20191230,93.03,9303.0,8.35
20200113,000538.SZ,云南白药,100,86.5096,20191202,88.88,8888.0,2.74
20200113,600276.SH,恒瑞医药,100,85.3779,20191216,87.84,8784.0,2.88
20200123,600161.SH,天坛生物,400,27.0705,20191230,31.32,12528.0,15.7
20200123,600887.SH,伊利股份,400,30.8762,20191230,30.64,12256.0,-0.77
20200123,600352.SH,浙江龙盛,900,14.4483,20191230,13.37,12033.0,-7.46
20200123,601012.SH,隆基绿能,400,28.8732,20200113,29.05,11620.0,0.61
20200123,600031.SH,三一重工,700,17.0756,20200113,16.03,11221.0,-6.12
20200123,600690.SH,海尔智家,600,19.339,20191230,18.57,11142.0,-3.98
20200123,600309.SH,万华化学,200,56.1341,20191230,51.91,10382.0,-7.52
20200123,603589.SH,口子窖,200,55.1827,20191230,51.0,10200.0,-7.58
20200123,600585.SH,海螺水泥,200,44.1795,20191104,48.0,9600.0,8.65
20200123,000568.SZ,泸州老窖,100,85.8586,20191230,82.65,8265.0,-3.74
20200210,601012.SH,隆基绿能,400,28.8732,20200113,33.15,13260.0,14.81
20200210,600887.SH,伊利股份,400,30.8762,20191230,30.17,12068.0,-2.29
20200210,600031.SH,三一重工,700,17.0756,20200113,16.45,11515.0,-3.66
20200210,600690.SH,海尔智家,600,19.339,20191230,18.0,10800.0,-6.92
20200210,600585.SH,海螺水泥,200,44.1795,20191104,51.27,10254.0,16.05
20200210,603707.SH,健友股份,200,49.8146,20200123,50.23,10046.0,0.83
20200210,603589.SH,口子窖,200,55.1827,20191230,44.99,8998.0,-18.47
20200210,000568.SZ,泸州老窖,100,85.8586,20191230,73.72,7372.0,-14.14
20200224,600352.SH,浙江龙盛,900,12.9093,20200210,13.95,12555.0,8.06
20200224,000651.SZ,格力电器,200,62.1932,20200210,61.57,12314.0,-1.0
20200224,600031.SH,三一重工,700,17.0756,20200113,17.28,12096.0,1.2
20200224,600887.SH,伊利股份,400,30.8762,20191230,29.97,11988.0,-2.94
20200224,000338.SZ,潍柴动力,800,14.001,20200210,14.59,11672.0,4.21
20200224,000333.SZ,美的集团,200,52.3785,20200210,54.91,10982.0,4.83
20200224,600585.SH,海螺水泥,200,44.1795,20191104,53.02,10604.0,20.01
20200224,603707.SH,健友股份,200,49.8146,20200123,51.9,10380.0,4.19
20200309,000338.SZ,潍柴动力,900,14.0688,20200210,14.21,12789.0,1.0
20200309,600352.SH,浙江龙盛,900,12.9093,20200210,14.11,12699.0,9.3
20200309,600031.SH,三一重工,700,17.0756,20200113,17.54,12278.0,2.72
20200309,000651.SZ,格力电器,200,62.1932,20200210,59.23,11846.0,-4.76
20200309,600585.SH,海螺水泥,200,44.1795,20191104,55.7,11140.0,26.08
20200309,000333.SZ,美的集团,200,52.3785,20200210,53.89,10778.0,2.89
20200309,600690.SH,海尔智家,600,18.3375,20200224,17.59,10554.0,-4.08
20200309,603707.SH,健友股份,200,49.8146,20200123,49.2,9840.0,-1.23
20200309,600570.SH,恒生电子,100,102.6538,20200224,91.14,9114.0,-11.22
20200309,600276.SH,恒瑞医药,100,88.5126,20200224,88.89,8889.0,0.43
20200323,600031.SH,三一重工,700,17.0756,20200113,15.97,11179.0,-6.47
20200323,600585.SH,海螺水泥,200,44.1795,20191104,51.73,10346.0,17.09
20200323,600690.SH,海尔智家,700,18.2345,20200224,13.85,9695.0,-24.04
20200323,000338.SZ,潍柴动力,800,14.0688,20200210,12.01,9608.0,-14.63
20200323,000333.SZ,美的集团,200,52.3785,20200210,46.5,9300.0,-11.22
20200323,601877.SH,正泰电器,400,26.3395,20200309,22.6,9040.0,-14.2
20200323,603707.SH,健友股份,200,49.8146,20200123,44.77,8954.0,-10.13
20200323,601012.SH,隆基绿能,400,28.7631,20200309,22.27,8908.0,-22.57
20200323,600570.SH,恒生电子,100,102.6538,20200224,83.86,8386.0,-18.31
20200323,600276.SH,恒瑞医药,100,88.5126,20200224,82.3,8230.0,-7.02
20200403,600309.SH,万华化学,300,38.5077,20200323,42.92,12876.0,11.46
20200403,600436.SH,片仔癀,100,117.1855,20200323,126.99,12699.0,8.37
20200403,600031.SH,三一重工,700,17.0756,20200113,17.88,12516.0,4.71
20200403,600438.SH,通威股份,1000,11.9579,20200323,12.23,12230.0,2.28
20200403,600585.SH,海螺水泥,200,44.1795,20191104,54.62,10924.0,23.63
20200403,603707.SH,健友股份,200,49.8146,20200123,51.42,10284.0,3.22
20200403,000333.SZ,美的集团,200,52.3785,20200210,48.38,9676.0,-7.63
20200403,600276.SH,恒瑞医药,100,88.5126,20200224,93.73,9373.0,5.89
20200420,600436.SH,片仔癀,100,117.1855,20200323,135.11,13511.0,15.3
20200420,600309.SH,万华化学,300,38.5077,20200323,44.17,13251.0,14.7
20200420,600276.SH,恒瑞医药,100,88.5126,20200224,96.7,9670.0,9.25
20200430,600585.SH,海螺水泥,200,59.6493,20200420,59.96,11992.0,0.52
20200430,600276.SH,恒瑞医药,100,88.5126,20200224,93.0,9300.0,5.07
20200430,600309.SH,万华化学,200,38.5077,20200323,45.0,9000.0,16.86
20200518,600690.SH,海尔智家,800,15.4832,20200430,15.06,12048.0,-2.73
20200518,603259.SH,药明康德,100,101.9227,20200430,110.63,11063.0,8.54
20200518,000876.SZ,新希望,300,32.9494,20200430,30.83,9249.0,-6.43
20200518,601100.SH,恒立液压,100,69.5041,20200430,74.29,7429.0,6.89
20200601,600585.SH,海螺水泥,200,59.4791,20200518,58.35,11670.0,-1.9
20200601,000876.SZ,新希望,400,32.4311,20200430,28.17,11268.0,-13.14
20200601,600276.SH,恒瑞医药,100,97.3458,20200518,80.22,8022.0,-17.59
20200601,601100.SH,恒立液压,100,69.5041,20200430,73.2,7320.0,5.32
20200615,600090.SH,退市济堂(退),4300,2.9244,20200601,3.05,13115.0,4.3
20200615,600585.SH,海螺水泥,200,59.4791,20200518,55.6,11120.0,-6.52
20200615,601100.SH,恒立液压,100,69.5041,20200430,73.9,7390.0,6.32
20200629,603288.SH,海天味业,100,114.181,20200615,124.65,12465.0,9.17
20200629,000568.SZ,泸州老窖,100,90.4955,20200615,90.88,9088.0,0.42
20200629,601100.SH,恒立液压,100,69.5041,20200430,75.19,7519.0,8.18
20200629,603707.SH,健友股份,100,61.5923,20200615,60.99,6099.0,-0.98
20200713,000568.SZ,泸州老窖,100,90.4955,20200615,124.91,12491.0,38.03
20200713,600276.SH,恒瑞医药,100,92.3683,20200629,99.82,9982.0,8.07
20200713,000403.SZ,派林生物,100,73.9107,20200629,75.16,7516.0,1.69
20200713,601100.SH,恒立液压,100,69.5041,20200430,59.98,5998.0,-13.7
20200727,000568.SZ,泸州老窖,100,90.4955,20200615,115.05,11505.0,27.13
20200727,601012.SH,隆基绿能,200,47.6714,20200713,53.8,10760.0,12.86
20200727,600276.SH,恒瑞医药,100,92.3683,20200629,95.39,9539.0,3.27
20200727,600779.SH,水井坊,100,80.5306,20200713,66.98,6698.0,-16.83
20200727,600529.SH,山东药玻,100,63.1346,20200713,64.11,6411.0,1.55
20200727,000403.SZ,派林生物,100,73.9107,20200629,39.22,3922.0,-46.94
20200810,600867.SH,通化东宝,900,13.0395,20200727,13.81,12429.0,5.91
20200810,601012.SH,隆基绿能,200,47.6714,20200713,58.68,11736.0,23.09
20200810,000568.SZ,泸州老窖,100,90.4955,20200615,111.9,11190.0,23.65
20200810,600276.SH,恒瑞医药,100,92.3683,20200629,90.79,9079.0,-1.71
20200810,600298.SH,安琪酵母,100,63.0945,20200727,67.07,6707.0,6.3
20200824,000568.SZ,泸州老窖,100,90.4955,20200615,128.06,12806.0,41.51
20200824,600867.SH,通化东宝,800,13.0395,20200727,14.73,11784.0,12.96
20200824,601012.SH,隆基绿能,200,47.6714,20200713,58.3,11660.0,22.3
20200824,600299.SH,安迪苏,700,16.3845,20200810,15.56,10892.0,-5.03
20200824,603369.SH,今世缘,200,43.4651,20200810,48.02,9604.0,10.48
20200824,600276.SH,恒瑞医药,100,92.3683,20200629,92.42,9242.0,0.06
20200824,600298.SH,安琪酵母,100,63.0945,20200727,68.59,6859.0,8.71
20200907,601012.SH,隆基绿能,200,47.6714,20200713,62.52,12504.0,31.15
20200907,000895.SZ,双汇发展,200,58.7179,20200824,56.13,11226.0,-4.41
20200907,603259.SH,药明康德,100,105.6482,20200824,100.46,10046.0,-4.91
20200907,603369.SH,今世缘,200,43.4651,20200810,49.81,9962.0,14.6
20200907,600299.SH,安迪苏,700,16.3845,20200810,14.03,9821.0,-14.37
20200907,600276.SH,恒瑞医药,100,92.3683,20200629,91.6,9160.0,-0.83
20200907,600298.SH,安琪酵母,100,63.0945,20200727,57.26,5726.0,-9.25
20200921,600298.SH,安琪酵母,200,60.2202,20200727,57.8,11560.0,-4.02
20200921,000895.SZ,双汇发展,200,58.7179,20200824,51.18,10236.0,-12.84
20200921,603259.SH,药明康德,100,105.6482,20200824,95.21,9521.0,-9.88
20200921,603369.SH,今世缘,200,43.4651,20200810,45.63,9126.0,4.98
20200921,600276.SH,恒瑞医药,100,92.3683,20200629,88.5,8850.0,-4.19
20200921,601012.SH,隆基绿能,100,47.6714,20200713,71.19,7119.0,49.33
20200930,600298.SH,安琪酵母,200,60.2202,20200727,60.99,12198.0,1.28
20200930,600887.SH,伊利股份,300,38.6078,20200921,38.5,11550.0,-0.28
20200930,603259.SH,药明康德,100,105.6482,20200824,101.5,10150.0,-3.93
20200930,600276.SH,恒瑞医药,100,92.3683,20200629,89.82,8982.0,-2.76
20200930,603369.SH,今世缘,200,43.4651,20200810,44.42,8884.0,2.2
20200930,601012.SH,隆基绿能,100,47.6714,20200713,75.01,7501.0,57.35
20201019,600887.SH,伊利股份,300,38.6078,20200921,40.18,12054.0,4.07
20201019,603338.SH,浙江鼎力,100,99.2987,20200930,107.99,10799.0,8.75
20201019,603259.SH,药明康德,100,105.6482,20200824,105.55,10555.0,-0.09
20201019,000895.SZ,双汇发展,200,53.0094,20200930,50.23,10046.0,-5.24
20201019,603369.SH,今世缘,200,43.4651,20200810,47.1,9420.0,8.36
20201019,601012.SH,隆基绿能,100,47.6714,20200713,71.5,7150.0,49.99
20201019,600872.SH,中炬高新,100,65.5983,20200930,66.4,6640.0,1.22
20201102,603259.SH,药明康德,100,105.6482,20200824,114.1,11410.0,8.0
20201102,600887.SH,伊利股份,300,38.6078,20200921,37.9,11370.0,-1.83
20201102,000895.SZ,双汇发展,200,53.0094,20200930,49.05,9810.0,-7.47
20201102,603338.SH,浙江鼎力,100,99.2987,20200930,92.1,9210.0,-7.25
20201102,601012.SH,隆基绿能,100,47.6714,20200713,73.73,7373.0,54.66
20201102,600872.SH,中炬高新,100,65.5983,20200930,61.94,6194.0,-5.58
20201116,000895.SZ,双汇发展,300,51.7141,20200930,49.4,14820.0,-4.47
20201116,600872.SH,中炬高新,200,63.8156,20200930,62.0,12400.0,-2.85
20201116,603338.SH,浙江鼎力,100,99.2987,20200930,102.6,10260.0,3.32
20201130,600872.SH,中炬高新,200,63.8156,20200930,60.62,12124.0,-5.01
20201130,600486.SH,扬农化工,100,113.3998,20201116,116.0,11600.0,2.29
20201130,000895.SZ,双汇发展,200,51.7141,20200930,46.12,9224.0,-10.82
20201214,600872.SH,中炬高新,200,63.8156,20200930,69.6,13920.0,9.06
20201214,603638.SH,艾迪精密,200,53.3299,20201130,65.05,13010.0,21.98
20201214,603866.SH,桃李面包,200,60.09,20201130,61.18,12236.0,1.81
20201214,600486.SH,扬农化工,100,113.3998,20201116,117.65,11765.0,3.75
20201214,603338.SH,浙江鼎力,100,103.6553,20201130,104.4,10440.0,0.72
20201214,601100.SH,恒立液压,100,91.6673,20201130,102.08,10208.0,11.36
20201228,601899.SH,紫金矿业,1400,8.5228,20201214,9.44,13216.0,10.76
20201228,000581.SZ,威孚高科,500,24.056,20201214,23.32,11660.0,-3.06
20201228,603866.SH,桃李面包,200,60.09,20201130,57.18,11436.0,-4.84
20201228,601100.SH,恒立液压,100,91.6673,20201130,105.97,10597.0,15.6
20201228,600031.SH,三一重工,300,31.357,20201214,33.95,10185.0,8.27
20201228,603338.SH,浙江鼎力,100,103.6553,20201130,101.78,10178.0,-1.81
20201228,000951.SZ,中国重汽,300,32.3985,20201214,31.02,9306.0,-4.25
20201228,603638.SH,艾迪精密,100,53.3299,20201130,68.88,6888.0,29.16
20210111,601100.SH,恒立液压,100,91.6673,20201130,124.35,12435.0,35.65
20210111,603866.SH,桃李面包,200,60.09,20201130,60.85,12170.0,1.26
20210111,603338.SH,浙江鼎力,100,103.6553,20201130,111.25,11125.0,7.33
20210125,601100.SH,恒立液压,100,91.6673,20201130,126.0,12600.0,37.45
20210208,601100.SH,恒立液压,100,91.6673,20201130,126.0,12600.0,37.45
20210208,603050.SH,科林电气,1100,11.5673,20210125,10.56,11616.0,-8.71
20210208,603800.SH,洪田股份,1500,8.3325,20210125,7.69,11535.0,-7.71
20210208,603551.SH,奥普科技,1000,12.4887,20210125,11.27,11270.0,-9.76
20210208,603638.SH,艾迪精密,100,90.0248,20210125,80.35,8035.0,-10.75
20210222,603800.SH,洪田股份,2000,8.1747,20210125,8.31,16620.0,1.65
20210222,603551.SH,奥普科技,1300,12.2114,20210125,12.44,16172.0,1.87
20210222,603638.SH,艾迪精密,100,90.0248,20210125,75.18,7518.0,-16.49
20210308,600192.SH,长城电工,3300,3.9459,20210222,4.03,13299.0,2.13
20210308,603551.SH,奥普科技,1000,12.2114,20210125,12.36,12360.0,1.22
20210308,600885.SH,宏发股份,200,56.1241,20210222,47.68,9536.0,-15.05
20210308,601012.SH,隆基绿能,100,109.0433,20210222,89.5,8950.0,-17.92
20210322,600192.SH,长城电工,3200,3.9459,20210222,4.24,13568.0,7.45
20210322,603319.SH,美湖股份,400,31.1366,20210308,32.45,12980.0,4.22
20210322,603551.SH,奥普科技,1000,12.2114,20210125,12.05,12050.0,-1.32
20210322,601100.SH,恒立液压,100,86.2292,20210308,86.04,8604.0,-0.22
20210322,603806.SH,福斯特,100,79.0684,20210308,78.0,7800.0,-1.35
20210322,603638.SH,艾迪精密,100,67.441,20210308,61.46,6146.0,-8.87
20210402,603638.SH,艾迪精密,200,64.4966,20210308,60.33,12066.0,-6.46
20210402,600885.SH,宏发股份,200,47.411,20210322,49.5,9900.0,4.41
20210402,601100.SH,恒立液压,100,86.2292,20210308,91.98,9198.0,6.67
20210402,601012.SH,隆基绿能,100,80.1701,20210322,88.89,8889.0,10.88
20210402,603806.SH,福斯特,100,79.0684,20210308,88.2,8820.0,11.55
20210402,603416.SH,信捷电气,100,76.3544,20210322,73.65,7365.0,-3.54
20210419,603159.SH,上海亚虹,1000,12.1983,20210402,13.6,13600.0,11.49
20210419,603926.SH,铁流股份,1000,11.6675,20210402,13.36,13360.0,14.51
20210419,600854.SH,春兰股份,3600,3.4351,20210402,3.7,13320.0,7.71
20210419,603488.SH,展鹏科技,1600,7.8017,20210402,8.04,12864.0,3.05
20210419,603158.SH,腾龙股份,700,17.0455,20210402,17.52,12264.0,2.78
20210419,603638.SH,艾迪精密,200,64.4966,20210308,58.9,11780.0,-8.68
20210419,000953.SZ,河化股份,2400,5.0576,20210402,4.77,11448.0,-5.69
20210419,601100.SH,恒立液压,100,86.2292,20210308,85.5,8550.0,-0.85
20210419,603806.SH,福斯特,100,79.0684,20210308,79.99,7999.0,1.17
20210419,603416.SH,信捷电气,100,76.3544,20210322,63.38,6338.0,-16.99
20210430,001696.SZ,宗申动力,1900,6.8603,20210419,6.83,12977.0,-0.44
20210430,000619.SZ,海螺新材,2300,5.5183,20210419,5.58,12834.0,1.12
20210430,603158.SH,腾龙股份,700,17.0455,20210402,18.13,12691.0,6.36
20210430,600232.SH,金鹰股份,2500,5.2078,20210419,4.97,12425.0,-4.57
20210430,603006.SH,联明股份,1300,9.6845,20210419,9.36,12168.0,-3.35
20210430,600148.SH,长春一东,900,13.5303,20210419,13.16,11844.0,-2.74
20210430,600563.SH,法拉电子,100,113.9707,20210419,115.95,11595.0,1.74
20210430,603806.SH,福斯特,100,79.0684,20210308,91.46,9146.0,15.67
20210430,601100.SH,恒立液压,100,86.2292,20210308,86.0,8600.0,-0.27
20210430,603338.SH,浙江鼎力,100,90.3553,20210419,73.39,7339.0,-18.78
20210517,603879.SH,永悦科技,1900,6.5799,20210430,7.16,13604.0,8.82
20210517,600232.SH,金鹰股份,2500,5.2078,20210419,5.11,12775.0,-1.88
20210517,603488.SH,展鹏科技,1600,7.5113,20210430,7.88,12608.0,4.91
20210517,603011.SH,合锻智能,2700,4.5368,20210430,4.62,12474.0,1.83
20210517,600031.SH,三一重工,400,30.9263,20210430,29.87,11948.0,-3.42
20210517,603767.SH,中马传动,1800,6.65,20210430,6.59,11862.0,-0.9
20210517,600148.SH,长春一东,900,13.5303,20210419,13.0,11700.0,-3.92
20210517,603063.SH,禾望电气,900,12.679,20210430,12.54,11286.0,-1.1
20210517,600309.SH,万华化学,100,102.8941,20210430,108.97,10897.0,5.9
20210517,688139.SH,海尔生物,100,99.2987,20210430,99.59,9959.0,0.29
20210531,603011.SH,合锻智能,2700,4.5368,20210430,4.7,12690.0,3.6
20210531,000509.SZ,华塑控股,5000,2.4837,20210517,2.52,12600.0,1.46
20210531,600611.SH,大众交通,3500,3.5453,20210517,3.55,12425.0,0.13
20210531,001872.SZ,招商港口,800,15.3129,20210517,15.52,12416.0,1.35
20210531,000030.SZ,富奥股份,1800,6.7501,20210517,6.81,12258.0,0.89
20210531,000429.SZ,粤高速Ａ,1700,7.2208,20210517,7.14,12138.0,-1.12
20210531,603848.SH,好太太,1000,12.1582,20210517,12.13,12130.0,-0.23
20210531,600031.SH,三一重工,400,30.9263,20210430,30.29,12116.0,-2.06
20210531,000902.SZ,新洋丰,800,14.4116,20210517,14.54,11632.0,0.89
20210531,688139.SH,海尔生物,100,99.2987,20210430,101.42,10142.0,2.14
20210611,000509.SZ,华塑控股,5300,2.486,20210517,2.77,14681.0,11.42
20210611,603848.SH,好太太,1100,12.1573,20210517,13.1,14410.0,7.75
20210611,600611.SH,大众交通,3700,3.5459,20210517,3.55,13135.0,0.12
20210611,603867.SH,新化股份,500,22.7741,20210531,25.74,12870.0,13.02
20210611,603980.SH,吉华集团,1900,6.9104,20210531,6.73,12787.0,-2.61
20210611,001872.SZ,招商港口,800,15.3129,20210517,15.94,12752.0,4.1
20210611,603339.SH,四方科技,1300,9.4642,20210531,9.45,12285.0,-0.15
20210611,600370.SH,三房巷,4000,3.1247,20210531,3.05,12200.0,-2.39
20210611,600350.SH,山东高速,1900,6.3695,20210531,6.33,12027.0,-0.62
20210611,688139.SH,海尔生物,100,99.2987,20210430,95.34,9534.0,-3.99
20210628,600370.SH,三房巷,4100,3.123,20210531,3.02,12382.0,-3.3
20210628,600350.SH,山东高速,2000,6.368,20210531,6.17,12340.0,-3.11
20210628,600678.SH,四川金顶,2200,5.6685,20210611,5.58,12276.0,-1.56
20210628,603980.SH,吉华集团,1800,6.9104,20210531,6.71,12078.0,-2.9
20210628,600897.SH,厦门空港,700,16.8753,20210611,16.74,11718.0,-0.8
20210628,000048.SZ,京基智农,600,19.8297,20210611,18.93,11358.0,-4.54
20210628,688139.SH,海尔生物,100,99.2987,20210430,105.63,10563.0,6.38
20210712,600370.SH,三房巷,4200,3.1206,20210531,3.1,13020.0,-0.66
20210712,600309.SH,万华化学,100,108.4324,20210628,127.42,12742.0,17.51
20210712,600678.SH,四川金顶,2200,5.6685,20210611,5.71,12562.0,0.73
20210712,601899.SH,紫金矿业,1200,9.985,20210628,10.38,12456.0,3.96
20210712,600308.SH,华泰股份,2200,5.5884,20210628,5.62,12364.0,0.57
20210712,603980.SH,吉华集团,1800,6.9104,20210531,6.57,11826.0,-4.93
20210712,603037.SH,凯众股份,700,16.4446,20210628,16.72,11704.0,1.67
20210712,600897.SH,厦门空港,700,16.8753,20210611,16.51,11557.0,-2.16
20210712,600966.SH,博汇纸业,900,14.021,20210628,12.15,10935.0,-13.34
20210726,605166.SH,聚合顺,1400,9.1136,20210712,9.49,13286.0,4.13
20210726,603980.SH,吉华集团,1900,6.893,20210531,6.83,12977.0,-0.91
20210726,603385.SH,惠达卫浴,1200,10.0751,20210712,10.55,12660.0,4.71
20210726,000533.SZ,顺钠股份,4500,2.8342,20210712,2.78,12510.0,-1.91
20210726,000727.SZ,冠捷科技,5000,2.5138,20210712,2.5,12500.0,-0.55
20210726,600883.SH,博闻科技,1600,7.982,20210712,7.7,12320.0,-3.53
20210726,603679.SH,华体科技,700,16.2043,20210712,16.52,11564.0,1.95
20210726,603036.SH,如通股份,1500,8.2123,20210712,7.57,11355.0,-7.82
20210726,603730.SH,岱美股份,700,18.037,20210712,16.0,11200.0,-11.29
20210726,603040.SH,新坐标,600,20.0901,20210712,18.25,10950.0,-9.16
20210809,000533.SZ,顺钠股份,4500,2.8342,20210712,3.0,13500.0,5.85
20210809,000692.SZ,惠天热电,4200,3.0045,20210726,3.09,12978.0,2.85
20210809,600883.SH,博闻科技,1600,7.982,20210712,8.05,12880.0,0.85
20210809,600824.SH,益民集团,3400,3.6555,20210726,3.57,12138.0,-2.34
20210809,603898.SH,好莱客,1000,11.9679,20210726,12.02,12020.0,0.44
20210809,000727.SZ,冠捷科技,5000,2.5138,20210712,2.39,11950.0,-4.92
20210809,603730.SH,岱美股份,700,18.037,20210712,17.0,11900.0,-5.75
20210809,603040.SH,新坐标,600,20.0901,20210712,19.03,11418.0,-5.28
20210809,603811.SH,诚意药业,800,14.3114,20210726,14.08,11264.0,-1.62
20210809,603816.SH,顾家家居,100,69.6744,20210726,72.69,7269.0,4.33
20210823,000727.SZ,冠捷科技,5300,2.507,20210712,2.62,13886.0,4.51
20210823,603365.SH,水星家纺,900,13.8608,20210809,15.1,13590.0,8.94
20210823,603577.SH,汇金通,1500,8.4627,20210809,9.05,13575.0,6.94
20210823,603321.SH,梅轮电梯,1900,6.7101,20210809,6.84,12996.0,1.94
20210823,000599.SZ,青岛双星,3300,3.8057,20210809,3.87,12771.0,1.69
20210823,600824.SH,益民集团,3500,3.6532,20210726,3.56,12460.0,-2.55
20210823,600370.SH,三房巷,4200,2.9945,20210809,2.95,12390.0,-1.49
20210823,603680.SH,今创集团,1200,10.4757,20210809,10.0,12000.0,-4.54
20210823,603028.SH,赛福天,1400,8.693,20210809,8.55,11970.0,-1.65
20210823,603811.SH,诚意药业,900,14.2881,20210726,12.34,11106.0,-13.63
20210906,603321.SH,梅轮电梯,2000,6.7171,20210809,7.16,14320.0,6.59
20210906,600370.SH,三房巷,4600,2.991,20210809,3.07,14122.0,2.64
20210906,600212.SH,绿能慧充,3500,3.8858,20210823,4.02,14070.0,3.45
20210906,603797.SH,联泰环保,1900,6.7902,20210823,7.12,13528.0,4.86
20210906,600626.SH,申达股份,3300,3.8958,20210823,4.09,13497.0,4.98
20210906,603028.SH,赛福天,1600,8.6767,20210809,8.35,13360.0,-3.77
20210906,600824.SH,益民集团,3600,3.6507,20210726,3.69,13284.0,1.08
20210906,603680.SH,今创集团,1300,10.4403,20210809,10.16,13208.0,-2.68
20210906,600883.SH,博闻科技,1600,7.7616,20210823,8.12,12992.0,4.62
20210906,603086.SH,先达股份,1400,8.8733,20210823,8.67,12138.0,-2.29
20210906,600182.SH,S佳通,800,14.8723,20210823,14.87,11896.0,-0.02
20210906,603955.SH,大千生态,900,13.1697,20210823,12.96,11664.0,-1.59
20210917,600885.SH,宏发股份,200,63.2047,20210906,64.0,12800.0,1.26
20210917,600989.SH,宝丰能源,700,16.2744,20210906,18.28,12796.0,12.32
20210917,000708.SZ,中信特钢,500,24.3365,20210906,24.07,12035.0,-1.09
20210917,000626.SZ,远大控股,500,22.2934,20210906,21.67,10835.0,-2.8
20210917,600399.SH,抚顺特钢,500,24.737,20210906,20.86,10430.0,-15.67
20210917,000786.SZ,北新建材,300,36.735,20210906,32.5,9750.0,-11.53
20210917,601100.SH,恒立液压,100,97.0954,20210906,84.49,8449.0,-12.98
20210930,600843.SH,上工申贝,1900,6.4897,20210917,6.08,11552.0,-6.31
20210930,601208.SH,东材科技,700,16.715,20210917,15.93,11151.0,-4.7
20210930,000338.SZ,潍柴动力,600,18.2774,20210917,17.16,10296.0,-6.11
20210930,000786.SZ,北新建材,300,36.735,20210906,31.95,9585.0,-13.03
20210930,688122.SH,西部超导,100,74.5416,20210917,71.8,7180.0,-3.68
20211018,000677.SZ,恒天海龙,4300,2.8843,20210930,3.33,14319.0,15.45
20211018,601238.SH,广汽集团,800,15.1026,20210930,17.7,14160.0,17.2
20211018,601633.SH,长城汽车,200,52.6789,20210930,63.4,12680.0,20.35
20211018,600843.SH,上工申贝,2000,6.4697,20210917,6.23,12460.0,-3.7
20211018,000338.SZ,潍柴动力,700,18.1214,20210917,16.73,11711.0,-7.68
20211018,600399.SH,抚顺特钢,500,21.7726,20210930,22.73,11365.0,4.4
20211018,601233.SH,桐昆股份,500,21.9729,20210930,21.81,10905.0,-0.74
20211018,601208.SH,东材科技,700,16.715,20210917,15.04,10528.0,-10.02
20211018,688122.SH,西部超导,100,74.5416,20210917,74.98,7498.0,0.59
20211101,600176.SH,中国巨石,700,17.5062,20211018,18.9,13230.0,7.96
20211101,603100.SH,川仪股份,700,18.4376,20211018,18.46,12922.0,0.12
20211101,000039.SZ,中集集团,700,17.4161,20211018,17.26,12082.0,-0.9
20211101,600626.SH,申达股份,3200,3.9559,20211018,3.64,11648.0,-7.99
20211101,000708.SZ,中信特钢,600,21.0015,20211018,19.36,11616.0,-7.82
20211101,600019.SH,宝钢股份,1600,7.8317,20211018,7.01,11216.0,-10.49
20211101,000338.SZ,潍柴动力,700,18.1214,20210917,15.07,10549.0,-16.84
20211101,601233.SH,桐昆股份,500,21.9729,20210930,20.92,10460.0,-4.79
20211101,600426.SH,华鲁恒升,300,33.1196,20211018,29.96,8988.0,-9.54
20211115,000565.SZ,渝三峡Ａ,2400,5.4281,20211101,5.58,13392.0,2.8
20211115,000859.SZ,国风新材,2200,5.7987,20211101,6.05,13310.0,4.33
20211115,000936.SZ,华西股份,2200,5.8688,20211101,6.04,13288.0,2.92
20211115,600626.SH,申达股份,3600,3.9214,20211018,3.65,13140.0,-6.92
20211115,603916.SH,苏博特,700,17.346,20211101,17.64,12348.0,1.7
20211115,601100.SH,恒立液压,100,88.0619,20211101,82.23,8223.0,-6.62
20211129,600423.SH,柳化股份,3900,3.3851,20211115,4.12,16068.0,21.71
20211129,600798.SH,宁波海运,3200,4.0861,20211115,4.17,13344.0,2.05
20211129,000863.SZ,三湘印象,4700,2.7842,20211115,2.72,12784.0,-2.3
20211129,600297.SH,广汇汽车(退),5100,2.6039,20211115,2.5,12750.0,-3.99
20211129,600817.SH,宇通重工,900,13.4802,20211115,14.1,12690.0,4.6
20211129,603823.SH,百合花,800,14.7821,20211115,14.92,11936.0,0.93
20211213,600769.SH,祥龙电业,2500,5.2378,20211129,5.77,14425.0,10.16
20211213,600297.SH,广汇汽车(退),5400,2.5983,20211115,2.6,14040.0,0.06
20211213,600603.SH,广汇物流,3500,3.6455,20211129,3.96,13860.0,8.63
20211213,601002.SH,晋亿实业,2800,4.7171,20211129,4.82,13496.0,2.18
20211213,000685.SZ,中山公用,1500,8.3325,20211129,8.92,13380.0,7.05
20211213,603823.SH,百合花,900,14.7999,20211115,14.82,13338.0,0.14
20211213,603685.SH,晨丰科技,1100,12.1081,20211129,12.05,13255.0,-0.48
20211213,000792.SZ,盐湖股份,400,29.2939,20211129,32.5,13000.0,10.94
20211213,000429.SZ,粤高速Ａ,1800,6.9104,20211129,7.12,12816.0,3.03
20211213,603706.SH,东方环宇,900,13.8507,20211129,14.01,12609.0,1.15
20211213,603915.SH,国茂股份,300,39.7295,20211129,40.41,12123.0,1.71
20211213,688312.SH,燕麦科技,400,28.4126,20211129,27.45,10980.0,-3.39
20211227,601002.SH,晋亿实业,2700,4.7171,20211129,5.09,13743.0,7.91
20211227,000677.SZ,恒天海龙,4200,3.0546,20211213,3.21,13482.0,5.09
20211227,603706.SH,东方环宇,900,13.8507,20211129,14.96,13464.0,8.01
20211227,000429.SZ,粤高速Ａ,1800,6.9104,20211129,7.19,12942.0,4.05
20211227,603685.SH,晨丰科技,1000,12.1081,20211129,12.1,12100.0,-0.07
20211227,603823.SH,百合花,800,14.7999,20211115,14.42,11536.0,-2.57
20211227,603915.SH,国茂股份,300,39.7295,20211129,37.26,11178.0,-6.22
20211227,688312.SH,燕麦科技,400,28.4126,20211129,26.3,10520.0,-7.44
20211227,601100.SH,恒立液压,100,88.0819,20211213,81.68,8168.0,-7.27
20220110,600883.SH,博闻科技,1600,8.1121,20211227,8.5,13600.0,4.78
20220110,601177.SH,杭齿前进,1500,8.673,20211227,8.96,13440.0,3.31
20220110,603823.SH,百合花,900,14.7601,20211115,14.89,13401.0,0.88
20220110,000949.SZ,新乡化纤,2300,5.5283,20211227,5.8,13340.0,4.92
20220110,603015.SH,弘讯科技,1800,7.2509,20211227,7.41,13338.0,2.19
20220110,601609.SH,金田股份,1500,8.5929,20211227,8.63,12945.0,0.43
20220110,603926.SH,铁流股份,800,16.3245,20211227,15.86,12688.0,-2.85
20220110,000802.SZ,北京文化,2700,4.7671,20211227,4.67,12609.0,-2.04
20220110,601882.SH,海天精工,500,23.2348,20211227,23.24,11620.0,0.02
20220124,688788.SH,科思科技,100,130.7759,20220110,125.61,12561.0,-3.95
20220124,603926.SH,铁流股份,800,16.3245,20211227,15.67,12536.0,-4.01
20220124,601609.SH,金田股份,1500,8.5929,20211227,8.34,12510.0,-2.94
20220124,000802.SZ,北京文化,2800,4.7639,20211227,4.28,11984.0,-10.16
20220124,603610.SH,麒盛科技,500,25.1377,20220110,22.3,11150.0,-11.29
20220124,601882.SH,海天精工,500,23.2348,20211227,22.08,11040.0,-4.97
20220124,603535.SH,嘉诚国际,400,29.7546,20220110,27.44,10976.0,-7.78
20220124,603915.SH,国茂股份,300,37.386,20220110,36.49,10947.0,-2.4
20220124,605376.SH,博迁新材,100,74.081,20220110,74.48,7448.0,0.54
20220124,603678.SH,火炬电子,100,67.8616,20220110,65.8,6580.0,-3.04
20220207,600973.SH,宝胜股份,2500,5.1577,20220124,5.37,13425.0,4.12
20220207,000802.SZ,北京文化,3000,4.7321,20211227,4.26,12780.0,-9.98
20220207,000407.SZ,胜利股份,3100,4.1262,20220124,4.08,12648.0,-1.12
20220207,601177.SH,杭齿前进,1500,8.3325,20220124,8.09,12135.0,-2.91
20220207,603610.SH,麒盛科技,500,25.1377,20220110,24.1,12050.0,-4.13
20220207,603393.SH,新天然气,500,22.734,20220124,23.93,11965.0,5.26
20220207,600590.SH,泰豪科技,1700,7.371,20220124,6.97,11849.0,-5.44
20220207,600475.SH,华光环能,1100,10.8062,20220124,10.59,11649.0,-2.0
20220207,603535.SH,嘉诚国际,400,29.7546,20220110,27.1,10840.0,-8.92
20220207,600309.SH,万华化学,100,93.5701,20220124,92.63,9263.0,-1.0
20220221,000420.SZ,吉林化纤,3000,4.2664,20220207,4.77,14310.0,11.8
20220221,600292.SH,电投水电,1800,7.1507,20220207,7.65,13770.0,6.98
20220221,000973.SZ,佛塑科技,2700,4.647,20220207,4.87,13149.0,4.8
20220221,600076.SH,康欣新材,3600,3.5253,20220207,3.64,13104.0,3.25
20220221,000859.SZ,国风新材,2000,6.4597,20220207,6.48,12960.0,0.31
20220221,600590.SH,泰豪科技,1800,7.3493,20220124,7.15,12870.0,-2.71
20220221,600178.SH,东安动力,1700,7.2909,20220207,7.46,12682.0,2.32
20220221,601177.SH,杭齿前进,1500,8.3325,20220124,8.36,12540.0,0.33
20220307,688278.SH,特宝生物,500,25.9989,20220221,27.35,13675.0,5.2
20220307,600725.SH,云维股份,3800,3.5653,20220221,3.53,13414.0,-0.99
20220307,600076.SH,康欣新材,3700,3.5285,20220207,3.58,13246.0,1.46
20220307,688017.SH,绿的谐波,100,133.4499,20220221,119.45,11945.0,-10.49
20220307,600071.SH,凤凰光学,300,37.4261,20220221,38.98,11694.0,4.15
20220307,688363.SH,华熙生物,100,117.0754,20220221,115.15,11515.0,-1.64
20220321,600889.SH,南京化纤,2500,5.3781,20220307,5.28,13200.0,-1.82
20220321,688363.SH,华熙生物,100,117.0754,20220221,115.42,11542.0,-1.41
20220321,688017.SH,绿的谐波,100,133.4499,20220221,114.0,11400.0,-14.57
20220321,603681.SH,永冠新材,400,28.733,20220307,26.2,10480.0,-8.82
20220321,605376.SH,博迁新材,200,54.4916,20220307,51.2,10240.0,-6.04
20220401,603681.SH,永冠新材,600,27.9018,20220307,25.88,15528.0,-7.25
20220401,603683.SH,晶华新材,1500,10.1752,20220321,9.84,14760.0,-3.29
20220418,605337.SH,李子园,400,30.706,20220401,34.57,13828.0,12.58
20220418,603861.SH,白云电器,1600,8.4026,20220401,7.93,12688.0,-5.62
20220418,688080.SH,映翰通,200,53.9308,20220401,46.84,9368.0,-13.15
20220418,600779.SH,水井坊,100,84.4164,20220401,82.83,8283.0,-1.88
20220418,688595.SH,芯海科技,100,81.7725,20220401,71.65,7165.0,-12.38
20220429,688383.SH,新益昌,200,80.2502,20220418,85.66,17132.0,6.74
20220429,600774.SH,汉商集团,1300,11.5874,20220418,10.58,13754.0,-8.69
20220429,603897.SH,长城科技,500,27.0605,20220418,21.63,10815.0,-20.07
20220516,600641.SH,先导基电,500,15.4431,20220429,16.39,8195.0,6.13
20220516,688518.SH,联赢激光,300,22.5938,20220429,24.84,7452.0,9.94
20220530,688468.SH,科美诊断,1200,11.0866,20220516,11.54,13848.0,4.09
20220530,600033.SH,福建高速,4700,2.8242,20220516,2.89,13583.0,2.33
20220530,000906.SZ,浙商中拓,1500,8.8633,20220516,8.84,13260.0,-0.26
20220530,000544.SZ,中原环保,2200,5.989,20220516,5.97,13134.0,-0.32
20220530,601811.SH,新华文轩,1400,8.8933,20220516,9.25,12950.0,4.01
20220613,688588.SH,凌志软件,1200,10.2854,20220530,11.55,13860.0,12.3
20220613,605368.SH,蓝天燃气,1000,12.9995,20220530,13.59,13590.0,4.54
20220613,000906.SZ,浙商中拓,1500,8.8633,20220516,8.89,13335.0,0.3
20220613,600033.SH,福建高速,4600,2.8242,20220516,2.83,13018.0,0.2
20220613,603688.SH,石英股份,100,84.0759,20220530,114.91,11491.0,36.67
20220627,603688.SH,石英股份,100,84.0759,20220530,138.0,13800.0,64.14
20220627,601088.SH,中国神华,400,33.7806,20220613,32.42,12968.0,-4.03
20220627,601225.SH,陕西煤业,600,21.5022,20220613,20.76,12456.0,-3.45
20220627,600188.SH,兖矿能源,300,42.1531,20220613,38.03,11409.0,-9.78
20220627,688123.SH,聚辰股份,100,111.9677,20220613,106.66,10666.0,-4.74
20220627,600389.SH,江山股份,100,69.9848,20220613,60.17,6017.0,-14.02
20220711,603790.SH,雅运股份,1300,9.9549,20220627,10.14,13182.0,1.86
20220711,603387.SH,基蛋生物,900,14.4316,20220627,14.39,12951.0,-0.29
20220711,000553.SZ,安道麦A,1100,11.9179,20220627,11.38,12518.0,-4.51
20220711,600438.SH,通威股份,200,57.6363,20220627,60.3,12060.0,4.62
20220711,603826.SH,坤彩科技,200,56.9653,20220627,58.11,11622.0,2.01
20220711,601088.SH,中国神华,400,33.7806,20220613,29.0,11600.0,-14.15
20220711,603659.SH,璞泰来,100,87.0904,20220627,81.55,8155.0,-6.36
20220711,603868.SH,飞科电器,100,72.4085,20220627,79.75,7975.0,10.14
20220711,601689.SH,拓普集团,100,70.4155,20220627,72.36,7236.0,2.76
20220711,688550.SH,瑞联新材,100,72.0579,20220627,65.62,6562.0,-8.93
20220725,603689.SH,皖天然气,1700,7.321,20220711,7.48,12716.0,2.17
20220725,000553.SZ,安道麦A,1100,11.9179,20220627,11.12,12232.0,-6.69
20220725,600389.SH,江山股份,200,56.8752,20220711,59.81,11962.0,5.16
20220725,600188.SH,兖矿能源,300,36.5147,20220711,36.36,10908.0,-0.42
20220725,600438.SH,通威股份,200,57.6363,20220627,53.82,10764.0,-6.62
20220725,603599.SH,广信股份,400,27.7616,20220711,26.5,10600.0,-4.54
20220725,601689.SH,拓普集团,100,70.4155,20220627,84.34,8434.0,19.77
20220725,603606.SH,东方电缆,100,76.0639,20220711,80.68,8068.0,6.07
20220725,603868.SH,飞科电器,100,72.4085,20220627,79.41,7941.0,9.67
20220808,603819.SH,神力股份,700,16.2844,20220725,19.42,13594.0,19.26
20220808,601666.SH,平煤股份,1100,11.6074,20220725,12.15,13365.0,4.67
20220808,603155.SH,新亚强,400,32.2483,20220725,32.56,13024.0,0.97
20220808,688687.SH,凯因科技,700,17.346,20220725,17.29,12103.0,-0.32
20220808,600885.SH,宏发股份,300,39.6494,20220725,39.01,11703.0,-1.61
20220808,603599.SH,广信股份,400,27.7616,20220711,25.99,10396.0,-6.38
20220808,600438.SH,通威股份,200,57.6363,20220627,50.59,10118.0,-12.23
20220808,601689.SH,拓普集团,100,70.4155,20220627,83.85,8385.0,19.08
20220808,603606.SH,东方电缆,100,76.0639,20220711,76.67,7667.0,0.8
20220808,603659.SH,璞泰来,100,78.5176,20220725,71.9,7190.0,-8.43
20220822,001206.SZ,依依股份,400,31.3169,20220808,42.15,16860.0,34.59
20220822,603889.SH,新澳股份,2100,6.1292,20220808,6.63,13923.0,8.17
20220822,600408.SH,安泰集团,4200,3.0646,20220808,3.29,13818.0,7.36
20220822,600844.SH,金煤科技,4100,3.1247,20220808,3.37,13817.0,7.85
20220822,603188.SH,亚邦股份,3000,4.2964,20220808,4.47,13410.0,4.04
20220822,603101.SH,汇嘉时代,2100,5.979,20220808,6.35,13335.0,6.21
20220822,000705.SZ,浙江震元,1600,7.6515,20220808,7.86,12576.0,2.73
20220822,603079.SH,圣达生物,900,13.2599,20220808,13.44,12096.0,1.36
20220822,688687.SH,凯因科技,700,17.346,20220725,16.77,11739.0,-3.32
20220822,603155.SH,新亚强,300,32.2483,20220725,33.26,9978.0,3.14
20220905,603351.SH,威尔药业,600,21.4621,20220822,22.47,13482.0,4.7
20220905,603238.SH,诺邦股份,1200,10.8963,20220822,11.13,13356.0,2.14
20220905,603321.SH,梅轮电梯,1800,7.1106,20220822,7.17,12906.0,0.83
20220905,000705.SZ,浙江震元,1600,7.6515,20220808,8.05,12880.0,5.21
20220905,603790.SH,雅运股份,1200,11.0065,20220822,10.66,12792.0,-3.15
20220905,603079.SH,圣达生物,900,13.2599,20220808,14.05,12645.0,5.96
20220905,603059.SH,倍加洁,600,19.8297,20220822,19.89,11934.0,0.3
20220905,688098.SH,申联生物,1500,8.3826,20220822,7.89,11835.0,-5.88
20220905,688687.SH,凯因科技,700,17.346,20220725,16.6,11620.0,-4.3
20220905,600262.SH,北方股份,600,19.0285,20220822,17.5,10500.0,-8.03
20220919,603322.SH,超讯通信,800,16.2543,20220905,16.06,12848.0,-1.2
20220919,600653.SH,申华控股,6100,2.1532,20220905,2.02,12322.0,-6.19
20220919,603188.SH,亚邦股份,3000,4.3866,20220905,4.05,12150.0,-7.67
20220919,688098.SH,申联生物,1600,8.3525,20220822,7.12,11392.0,-14.76
20220919,603790.SH,雅运股份,1200,11.0065,20220822,9.36,11232.0,-14.96
20220919,600262.SH,北方股份,700,18.8139,20220822,16.01,11207.0,-14.9
20220919,603037.SH,凯众股份,700,16.8653,20220905,16.0,11200.0,-5.13
20220919,688059.SH,华锐精密,100,107.3107,20220905,110.04,11004.0,2.54
20220919,688308.SH,欧科亿,200,49.0635,20220905,54.04,10808.0,10.14
20220919,603666.SH,亿嘉和,200,45.4981,20220905,43.65,8730.0,-4.06
20220930,603040.SH,新坐标,500,16.004,20220919,15.39,7695.0,-3.84
20220930,603188.SH,亚邦股份,2000,4.3866,20220905,3.7,7400.0,-15.65
20221017,603657.SH,春光科技,600,13.4702,20220930,14.47,8682.0,7.42
20221017,603009.SH,北特科技,1300,6.0891,20220930,6.41,8333.0,5.27
20221031,600262.SH,北方股份,800,16.034,20221017,16.67,13336.0,3.97
20221031,603488.SH,展鹏科技,2000,6.5999,20221017,6.65,13300.0,0.76
20221031,603009.SH,北特科技,2100,6.215,20220930,6.31,13251.0,1.53
20221031,600232.SH,金鹰股份,2400,5.5583,20221017,5.45,13080.0,-1.95
20221031,603788.SH,宁波高发,1200,11.1868,20221017,10.8,12960.0,-3.46
20221031,600679.SH,上海凤凰,1400,9.1537,20221017,8.66,12124.0,-5.39
20221114,603278.SH,大业股份,1800,7.2509,20221031,7.75,13950.0,6.88
20221114,603192.SH,汇得科技,700,18.9484,20221031,19.8,13860.0,4.49
20221114,600232.SH,金鹰股份,2400,5.5583,20221017,5.75,13800.0,3.45
20221114,603788.SH,宁波高发,1200,11.1868,20221017,11.24,13488.0,0.48
20221114,600679.SH,上海凤凰,1500,9.1217,20221017,8.96,13440.0,-1.77
20221114,603656.SH,泰禾智能,1100,11.8878,20221031,12.0,13200.0,0.94
20221128,603788.SH,宁波高发,1200,11.1868,20221017,11.36,13632.0,1.55
20221128,600232.SH,金鹰股份,2300,5.5583,20221017,5.79,13317.0,4.17
20221128,603037.SH,凯众股份,800,16.675,20221114,16.38,13104.0,-1.77
20221128,603656.SH,泰禾智能,1100,11.8878,20221031,11.65,12815.0,-2.0
20221128,603278.SH,大业股份,1700,7.2509,20221031,7.46,12682.0,2.88
20221128,603192.SH,汇得科技,600,18.9484,20221031,19.4,11640.0,2.38
20221212,603238.SH,诺邦股份,1200,10.7461,20221128,12.11,14532.0,12.69
20221212,600051.SH,宁波联合,1700,7.331,20221128,7.91,13447.0,7.9
20221212,600843.SH,上工申贝,2500,5.1177,20221128,5.2,13000.0,1.61
20221212,600356.SH,恒丰纸业,1700,7.5113,20221128,7.64,12988.0,1.71
20221212,603656.SH,泰禾智能,1100,11.8878,20221031,11.8,12980.0,-0.74
20221212,603079.SH,圣达生物,900,13.3099,20221128,14.38,12942.0,8.04
20221212,600232.SH,金鹰股份,2200,5.5583,20221017,5.85,12870.0,5.25
20221212,603278.SH,大业股份,1700,7.2509,20221031,7.38,12546.0,1.78
20221212,603903.SH,中持股份,1300,9.4542,20221128,9.64,12532.0,1.97
20221212,603928.SH,兴业股份,1100,11.4171,20221128,11.38,12518.0,-0.32
20221226,600356.SH,恒丰纸业,1700,7.5113,20221128,7.32,12444.0,-2.55
20221226,603677.SH,奇精机械,1100,11.6775,20221212,11.17,12287.0,-4.35
20221226,603656.SH,泰禾智能,1100,11.8878,20221031,11.13,12243.0,-6.37
20221226,600128.SH,苏豪弘业,1600,8.1522,20221212,7.65,12240.0,-6.16
20221226,600232.SH,金鹰股份,2200,5.5583,20221017,5.56,12232.0,0.03
20221226,603183.SH,建研院,2700,4.7371,20221212,4.52,12204.0,-4.58
20221226,600843.SH,上工申贝,2500,5.1177,20221128,4.86,12150.0,-5.03
20221226,603903.SH,中持股份,1300,9.4542,20221128,8.98,11674.0,-5.02
20221226,603928.SH,兴业股份,1100,11.4171,20221128,10.55,11605.0,-7.59
20221226,603079.SH,圣达生物,900,13.3099,20221128,12.86,11574.0,-3.38
20230109,600356.SH,恒丰纸业,1700,7.5113,20221128,8.03,13651.0,6.91
20230109,603488.SH,展鹏科技,1900,6.68,20221226,6.93,13167.0,3.74
20230109,603928.SH,兴业股份,1200,11.3462,20221128,10.97,13164.0,-3.32
20230109,600232.SH,金鹰股份,2300,5.5588,20221017,5.65,12995.0,1.64
20230109,600843.SH,上工申贝,2600,5.108,20221128,4.95,12870.0,-3.09
20230109,603903.SH,中持股份,1400,9.4213,20221128,9.17,12838.0,-2.67
20230109,603183.SH,建研院,2800,4.7296,20221212,4.57,12796.0,-3.37
20230109,600128.SH,苏豪弘业,1600,8.1522,20221212,7.95,12720.0,-2.48
20230109,603656.SH,泰禾智能,1100,11.8878,20221031,11.34,12474.0,-4.61
20230109,603677.SH,奇精机械,1100,11.6775,20221212,11.12,12232.0,-4.77
20230120,600128.SH,苏豪弘业,1600,8.1522,20221212,8.7,13920.0,6.72
20230120,603278.SH,大业股份,1800,7.1207,20230109,7.38,13284.0,3.64
20230120,600843.SH,上工申贝,2600,5.108,20221128,5.1,13260.0,-0.16
20230120,600805.SH,悦达投资,2900,4.4967,20230109,4.57,13253.0,1.63
20230120,600232.SH,金鹰股份,2300,5.5588,20221017,5.74,13202.0,3.26
20230120,603903.SH,中持股份,1400,9.4213,20221128,9.28,12992.0,-1.5
20230120,603226.SH,菲林格尔,2500,5.0776,20230109,5.15,12875.0,1.43
20230120,603677.SH,奇精机械,1100,11.6775,20221212,11.66,12826.0,-0.15
20230120,603488.SH,展鹏科技,1800,6.68,20221226,7.02,12636.0,5.09
20230120,603928.SH,兴业股份,1100,11.3462,20221128,11.34,12474.0,-0.05
20230206,600232.SH,金鹰股份,2400,5.5667,20221017,5.94,14256.0,6.71
20230206,603928.SH,兴业股份,1200,11.3471,20221128,11.8,14160.0,3.99
20230206,603226.SH,菲林格尔,2600,5.0807,20230109,5.44,14144.0,7.07
20230206,600805.SH,悦达投资,3000,4.4994,20230109,4.67,14010.0,3.79
20230206,603278.SH,大业股份,1800,7.1207,20230109,7.53,13554.0,5.75
20230206,600377.SH,宁沪高速,1600,8.4827,20230120,8.46,13536.0,-0.27
20230220,603116.SH,红蜻蜓,2600,5.2779,20230206,5.48,14248.0,3.83
20230220,603278.SH,大业股份,1800,7.1207,20230109,7.83,14094.0,9.96
20230220,600076.SH,康欣新材,4500,3.0646,20230206,3.11,13995.0,1.48
20230220,603165.SH,荣晟环保,1100,11.6675,20230206,12.58,13838.0,7.82
20230220,600232.SH,金鹰股份,2300,5.5667,20221017,6.01,13823.0,7.96
20230220,600448.SH,华纺股份,4100,3.345,20230206,3.37,13817.0,0.75
20230220,603001.SH,奥康国际,2000,6.7802,20230206,6.81,13620.0,0.44
20230220,600805.SH,悦达投资,2900,4.4994,20230109,4.67,13543.0,3.79
20230220,000952.SZ,广济药业,1700,7.8117,20230206,7.96,13532.0,1.9
20230220,603188.SH,亚邦股份,3400,3.9359,20230206,3.96,13464.0,0.61
20230220,603928.SH,兴业股份,1100,11.3471,20221128,12.0,13200.0,5.75
20230220,605001.SH,威奥股份,1600,8.2423,20230206,8.19,13104.0,-0.64
20230306,603001.SH,奥康国际,2000,6.7802,20230206,7.42,14840.0,9.44
20230306,603278.SH,大业股份,1800,7.1207,20230109,8.19,14742.0,15.02
20230306,603116.SH,红蜻蜓,2500,5.2779,20230206,5.63,14075.0,6.67
20230306,600076.SH,康欣新材,4500,3.0646,20230206,3.12,14040.0,1.81
20230306,000952.SZ,广济药业,1700,7.8117,20230206,8.14,13838.0,4.2
20230306,600448.SH,华纺股份,4000,3.345,20230206,3.43,13720.0,2.54
20230306,603188.SH,亚邦股份,3500,3.9368,20230206,3.91,13685.0,-0.68
20230306,600976.SH,健民集团,200,68.6729,20230220,67.67,13534.0,-1.46
20230306,605001.SH,威奥股份,1700,8.24,20230206,7.95,13515.0,-3.52
20230306,603017.SH,中衡设计,1300,10.005,20230220,10.33,13429.0,3.25
20230306,603928.SH,兴业股份,1100,11.3471,20221128,12.13,13343.0,6.9
20230306,605577.SH,龙版传媒,1200,10.676,20230220,10.71,12852.0,0.32
20230320,603183.SH,建研院,2800,4.7872,20230306,4.71,13188.0,-1.61
20230320,600076.SH,康欣新材,4300,3.0646,20230206,3.03,13029.0,-1.13
20230320,603928.SH,兴业股份,1100,11.3471,20221128,11.8,12980.0,3.99
20230320,603188.SH,亚邦股份,3400,3.9368,20230206,3.79,12886.0,-3.73
20230320,600235.SH,民丰特纸,2300,5.8287,20230306,5.56,12788.0,-4.61
20230320,600128.SH,苏豪弘业,1500,8.6329,20230306,8.52,12780.0,-1.31
20230320,605577.SH,龙版传媒,1200,10.676,20230220,10.54,12648.0,-1.27
20230320,600232.SH,金鹰股份,2200,6.0891,20230306,5.74,12628.0,-5.73
20230320,605167.SH,利柏特,1500,8.9234,20230306,8.37,12555.0,-6.2
20230320,600865.SH,百大集团,1300,10.1151,20230306,9.5,12350.0,-6.08
20230403,605167.SH,利柏特,1500,8.9234,20230306,9.31,13965.0,4.33
20230403,600287.SH,苏豪时尚,2500,5.2979,20230320,5.35,13375.0,0.98
20230403,600232.SH,金鹰股份,2300,6.0743,20230306,5.73,13179.0,-5.67
20230403,603168.SH,莎普爱思,1700,7.7616,20230320,7.69,13073.0,-0.92
20230403,603321.SH,梅轮电梯,1800,7.2709,20230320,7.24,13032.0,-0.42
20230403,600076.SH,康欣新材,4400,3.0639,20230206,2.94,12936.0,-4.04
20230403,600448.SH,华纺股份,4100,3.2348,20230320,3.13,12833.0,-3.24
20230403,600235.SH,民丰特纸,2300,5.8287,20230306,5.51,12673.0,-5.47
20230403,600302.SH,标准股份,2400,5.348,20230320,5.24,12576.0,-2.02
20230403,600128.SH,苏豪弘业,1500,8.6329,20230306,8.16,12240.0,-5.48
20230417,000632.SZ,三木集团,3000,4.4266,20230403,4.32,12960.0,-2.41
20230417,603615.SH,茶花股份,1600,8.2023,20230403,8.1,12960.0,-1.25
20230417,600235.SH,民丰特纸,2400,5.8158,20230306,5.35,12840.0,-8.01
20230417,600843.SH,上工申贝,2500,5.1778,20230403,5.1,12750.0,-1.5
20230417,603168.SH,莎普爱思,1700,7.7616,20230320,7.46,12682.0,-3.89
20230417,600854.SH,春兰股份,2800,4.7471,20230403,4.51,12628.0,-4.99
20230417,603321.SH,梅轮电梯,1800,7.2709,20230320,6.96,12528.0,-4.28
20230417,600232.SH,金鹰股份,2300,6.0743,20230306,5.42,12466.0,-10.77
20230417,600448.SH,华纺股份,4200,3.2325,20230320,2.95,12390.0,-8.74
20230417,600287.SH,苏豪时尚,2400,5.2979,20230320,5.08,12192.0,-4.11
20230428,600854.SH,春兰股份,2900,4.7392,20230403,5.02,14558.0,5.93
20230428,000530.SZ,冰山冷热,2800,4.5869,20230417,4.84,13552.0,5.52
20230428,000548.SZ,湖南投资,2700,4.7671,20230417,4.87,13149.0,2.16
20230428,603615.SH,茶花股份,1600,8.2023,20230403,7.91,12656.0,-3.56
20230428,600235.SH,民丰特纸,2400,5.8158,20230306,5.27,12648.0,-9.38
20230428,000632.SZ,三木集团,3000,4.4266,20230403,4.2,12600.0,-5.12
20230428,600843.SH,上工申贝,2500,5.1778,20230403,5.04,12600.0,-2.66
20230428,603079.SH,圣达生物,1000,12.9294,20230417,12.5,12500.0,-3.32
20230428,603321.SH,梅轮电梯,1800,7.2709,20230320,6.88,12384.0,-5.38
20230428,000705.SZ,浙江震元,1500,8.2323,20230417,8.18,12270.0,-0.64
20230515,603615.SH,茶花股份,1700,8.1858,20230403,8.26,14042.0,0.91
20230515,601956.SH,东贝集团,2400,5.6485,20230428,5.74,13776.0,1.62
20230515,600235.SH,民丰特纸,2500,5.7943,20230306,5.38,13450.0,-7.15
20230515,603321.SH,梅轮电梯,1900,7.2509,20230320,7.04,13376.0,-2.91
20230515,000705.SZ,浙江震元,1600,8.2298,20230417,8.26,13216.0,0.37
20230515,603079.SH,圣达生物,1000,12.9294,20230417,12.5,12500.0,-3.32
20230529,603221.SH,爱丽家居,1800,7.5613,20230515,7.69,13842.0,1.7
20230529,603079.SH,圣达生物,1100,12.892,20230417,12.54,13794.0,-2.73
20230529,600235.SH,民丰特纸,2500,5.7943,20230306,5.36,13400.0,-7.49
20230529,603353.SH,和顺石油,800,16.4747,20230515,16.52,13216.0,0.28
20230529,601956.SH,东贝集团,2300,5.6485,20230428,5.74,13202.0,1.62
20230529,600800.SH,渤海化学,3700,3.7056,20230515,3.55,13135.0,-4.2
20230612,600800.SH,渤海化学,3800,3.7016,20230515,3.57,13566.0,-3.56
20230612,600235.SH,民丰特纸,2500,5.7943,20230306,5.36,13400.0,-7.49
20230612,603221.SH,爱丽家居,1700,7.5613,20230515,7.78,13226.0,2.89
20230612,603353.SH,和顺石油,800,16.4747,20230515,16.14,12912.0,-2.03
20230612,000421.SZ,南京公用,2600,5.1677,20230529,4.79,12454.0,-7.31
20230612,603079.SH,圣达生物,1000,12.892,20230417,12.08,12080.0,-6.3
20230626,000421.SZ,南京公用,2800,5.1413,20230529,5.53,15484.0,7.56
20230626,603353.SH,和顺石油,800,16.4747,20230515,18.24,14592.0,10.72
20230626,603079.SH,圣达生物,1100,12.8199,20230417,12.47,13717.0,-2.73
20230626,603726.SH,朗迪集团,1100,12.4486,20230612,12.1,13310.0,-2.8
20230626,600235.SH,民丰特纸,2500,5.7943,20230306,5.13,12825.0,-11.46
20230626,600232.SH,金鹰股份,2500,5.348,20230612,5.08,12700.0,-5.01
20230710,600232.SH,金鹰股份,3200,5.291,20230612,5.52,17664.0,4.33
20230710,600235.SH,民丰特纸,3200,5.6507,20230306,5.47,17504.0,-3.2
20230710,603726.SH,朗迪集团,1300,12.3978,20230612,12.82,16666.0,3.41
20230724,600448.SH,华纺股份,4400,2.9945,20230710,3.04,13376.0,1.52
20230724,603900.SH,莱绅通灵,2000,6.5098,20230710,6.68,13360.0,2.62
20230724,600843.SH,上工申贝,2300,5.7686,20230710,5.69,13087.0,-1.36
20230724,603117.SH,万林物流,3600,3.6955,20230710,3.6,12960.0,-2.59
20230724,603700.SH,宁水集团,900,14.3515,20230710,14.39,12951.0,0.27
20230724,600387.SH,退市海越(退),2400,5.4381,20230710,5.29,12696.0,-2.72
20230724,603329.SH,上海雅仕,1000,13.2398,20230710,12.69,12690.0,-4.15
20230724,603001.SH,奥康国际,2200,5.8788,20230710,5.57,12254.0,-5.25
20230724,603095.SH,越剑智能,800,15.5233,20230710,15.02,12016.0,-3.24
20230724,603602.SH,纵横通信,1000,12.3385,20230710,11.97,11970.0,-2.99
20230807,603727.SH,博迈科,1100,11.5072,20230724,13.43,14773.0,16.71
20230807,600387.SH,退市海越(退),2500,5.4325,20230710,5.41,13525.0,-0.41
20230807,603602.SH,纵横通信,1100,12.3066,20230710,12.17,13387.0,-1.11
20230807,603001.SH,奥康国际,2300,5.8657,20230710,5.77,13271.0,-1.63
20230807,603700.SH,宁水集团,900,14.3515,20230710,14.15,12735.0,-1.4
20230807,603329.SH,上海雅仕,1000,13.2398,20230710,12.68,12680.0,-4.23
20230807,600843.SH,上工申贝,2300,5.7686,20230710,5.49,12627.0,-4.83
20230807,603900.SH,莱绅通灵,1900,6.5098,20230710,6.63,12597.0,1.85
20230807,603117.SH,万林物流,3600,3.6955,20230710,3.44,12384.0,-6.91
20230807,603095.SH,越剑智能,800,15.5233,20230710,14.7,11760.0,-5.3
20230821,603001.SH,奥康国际,2300,5.8657,20230710,5.79,13317.0,-1.29
20230821,603900.SH,莱绅通灵,2000,6.5163,20230710,6.58,13160.0,0.98
20230821,600843.SH,上工申贝,2400,5.7574,20230710,5.48,13152.0,-4.82
20230821,603095.SH,越剑智能,900,15.4342,20230710,14.58,13122.0,-5.53
20230821,603329.SH,上海雅仕,1000,13.2398,20230710,12.95,12950.0,-2.19
20230821,603637.SH,镇海股份,1500,8.5228,20230807,8.48,12720.0,-0.5
20230821,603117.SH,万林物流,3800,3.6824,20230710,3.33,12654.0,-9.57
20230821,600356.SH,恒丰纸业,1600,7.9219,20230807,7.84,12544.0,-1.03
20230821,600969.SH,郴电国际,1800,7.1808,20230807,6.9,12420.0,-3.91
20230821,603602.SH,纵横通信,1000,12.3066,20230710,12.13,12130.0,-1.44
20230904,603117.SH,万林物流,4900,3.6044,20230710,3.45,16905.0,-4.28
20230904,600356.SH,恒丰纸业,2100,7.9052,20230807,8.05,16905.0,1.83
20230904,600969.SH,郴电国际,2400,7.1132,20230807,6.76,16224.0,-4.96
20230918,600505.SH,西昌电力,1700,7.8518,20230904,7.82,13294.0,-0.4
20230918,600232.SH,金鹰股份,2300,5.8187,20230904,5.78,13294.0,-0.67
20230918,603803.SH,瑞斯康达,1700,7.7516,20230904,7.8,13260.0,0.62
20230918,603001.SH,奥康国际,2300,5.8087,20230904,5.74,13202.0,-1.18
20230918,603900.SH,莱绅通灵,2000,6.68,20230904,6.59,13180.0,-1.35
20230918,603518.SH,锦泓集团,1400,9.5143,20230904,9.37,13118.0,-1.52
20230928,603001.SH,奥康国际,2400,5.8062,20230904,5.82,13968.0,0.24
20230928,000570.SZ,苏常柴Ａ,2400,5.6885,20230918,5.67,13608.0,-0.33
20230928,600232.SH,金鹰股份,2300,5.8187,20230904,5.7,13110.0,-2.04
20230928,603518.SH,锦泓集团,1400,9.5143,20230904,9.32,13048.0,-2.04
20230928,603900.SH,莱绅通灵,2000,6.68,20230904,6.46,12920.0,-3.29
20230928,600505.SH,西昌电力,1700,7.8518,20230904,7.57,12869.0,-3.59
20231016,600679.SH,上海凤凰,1600,8.3525,20230928,8.47,13552.0,1.41
20231016,000570.SZ,苏常柴Ａ,2400,5.6885,20230918,5.54,13296.0,-2.61
20231016,000862.SZ,银星能源,2100,6.4597,20230928,6.31,13251.0,-2.32
20231016,603900.SH,莱绅通灵,2100,6.67,20230904,6.15,12915.0,-7.8
20231016,688057.SH,金达莱,900,14.1412,20230928,13.48,12132.0,-4.68
20231016,688211.SH,中科微至,300,37.4861,20230928,36.53,10959.0,-2.55
20231030,603900.SH,莱绅通灵,2200,6.6468,20230904,6.32,13904.0,-4.92
20231030,000605.SZ,渤海股份,2300,5.8387,20231016,6.03,13869.0,3.28
20231030,600800.SH,渤海化学,3900,3.4552,20231016,3.54,13806.0,2.46
20231030,000570.SZ,苏常柴Ａ,2400,5.6885,20230918,5.28,12672.0,-7.18
20231030,000862.SZ,银星能源,2100,6.4597,20230928,6.02,12642.0,-6.81
20231030,688211.SH,中科微至,300,37.4861,20230928,35.8,10740.0,-4.5
20231113,000862.SZ,银星能源,2200,6.4401,20230928,6.43,14146.0,-0.16
20231113,600800.SH,渤海化学,3800,3.4552,20231016,3.68,13984.0,6.51
20231113,605138.SH,盛泰集团,1700,7.7316,20231030,8.21,13957.0,6.19
20231113,000605.SZ,渤海股份,2200,5.8387,20231016,6.26,13772.0,7.21
20231113,600356.SH,恒丰纸业,1700,7.7416,20231030,7.94,13498.0,2.56
20231113,688211.SH,中科微至,300,37.4861,20230928,36.95,11085.0,-1.43
20231127,603001.SH,奥康国际,2300,5.8087,20231113,5.93,13639.0,2.09
20231127,605001.SH,威奥股份,2000,6.69,20231113,6.78,13560.0,1.34
20231127,600356.SH,恒丰纸业,1700,7.7416,20231030,7.89,13413.0,1.92
20231127,000635.SZ,英力特,1500,9.0836,20231113,8.9,13350.0,-2.02
20231127,605138.SH,盛泰集团,1600,7.7316,20231030,7.99,12784.0,3.34
20231127,688211.SH,中科微至,300,37.4861,20230928,37.6,11280.0,0.3
20231211,600448.SH,华纺股份,4000,3.2849,20231127,3.28,13120.0,-0.15
20231211,688015.SH,交控科技,700,18.9083,20231127,18.52,12964.0,-2.05
20231211,601996.SH,丰林集团,4800,2.7541,20231127,2.67,12816.0,-3.05
20231211,603001.SH,奥康国际,2200,5.8087,20231113,5.78,12716.0,-0.49
20231211,600356.SH,恒丰纸业,1600,7.7416,20231030,7.93,12688.0,2.43
20231211,688257.SH,新锐股份,500,26.2293,20231127,25.06,12530.0,-4.46
20231211,603079.SH,圣达生物,900,14.2213,20231127,13.91,12519.0,-2.19
20231211,000635.SZ,英力特,1400,9.0836,20231113,8.77,12278.0,-3.45
20231211,688360.SH,德马科技,600,20.3104,20231127,19.85,11910.0,-2.27
20231211,688529.SH,豪森智能,500,23.7756,20231127,23.18,11590.0,-2.51
20231225,603079.SH,圣达生物,900,14.2213,20231127,14.76,13284.0,3.79
20231225,600448.SH,华纺股份,4000,3.2849,20231127,3.26,13040.0,-0.76
20231225,601996.SH,丰林集团,4900,2.7525,20231127,2.64,12936.0,-4.09
20231225,000635.SZ,英力特,1500,9.0636,20231113,8.6,12900.0,-5.11
20231225,688015.SH,交控科技,700,18.9083,20231127,17.82,12474.0,-5.76
20231225,600356.SH,恒丰纸业,1600,7.7416,20231030,7.77,12432.0,0.37
20231225,605138.SH,盛泰集团,1600,7.8117,20231211,7.64,12224.0,-2.2
20231225,688257.SH,新锐股份,500,26.2293,20231127,24.25,12125.0,-7.55
20231225,688360.SH,德马科技,600,20.3104,20231127,19.05,11430.0,-6.21
20231225,688529.SH,豪森智能,500,23.7756,20231127,22.2,11100.0,-6.63
20240108,605138.SH,盛泰集团,1700,7.8023,20231211,7.99,13583.0,2.41
20240108,600969.SH,郴电国际,2000,6.3395,20231225,6.6,13200.0,4.11
20240108,603385.SH,惠达卫浴,1600,7.8718,20231225,8.16,13056.0,3.66
20240108,003016.SZ,欣贺股份,1600,8.032,20231225,8.09,12944.0,0.72
20240108,605177.SH,东亚药业,500,25.8788,20231225,25.84,12920.0,-0.15
20240108,600356.SH,恒丰纸业,1600,7.7416,20231030,8.02,12832.0,3.6
20240108,603001.SH,奥康国际,2200,5.7686,20231225,5.71,12562.0,-1.02
20240108,688257.SH,新锐股份,500,26.2293,20231127,23.87,11935.0,-8.99
20240108,605003.SH,众望布艺,600,19.2689,20231225,19.84,11904.0,2.96
20240108,688069.SH,德林海,600,18.8482,20231225,19.36,11616.0,2.72
20240122,003016.SZ,欣贺股份,1600,8.032,20231225,7.48,11968.0,-6.87
20240122,603117.SH,万林物流,3900,3.315,20240108,3.06,11934.0,-7.69
20240122,603001.SH,奥康国际,2300,5.7665,20231225,5.16,11868.0,-10.52
20240122,605003.SH,众望布艺,600,19.2689,20231225,19.75,11850.0,2.5
20240122,603385.SH,惠达卫浴,1600,7.8718,20231225,7.23,11568.0,-8.15
20240122,688026.SH,洁特生物,800,16.1442,20240108,14.12,11296.0,-12.54
20240122,605177.SH,东亚药业,500,25.8788,20231225,22.37,11185.0,-13.56
20240122,600969.SH,郴电国际,1900,6.3395,20231225,5.81,11039.0,-8.35
20240122,603727.SH,博迈科,1000,12.4186,20240108,11.0,11000.0,-11.42
20240122,688069.SH,德林海,600,18.8482,20231225,17.5,10500.0,-7.15
20240205,603117.SH,万林物流,2500,3.315,20240108,2.61,6525.0,-21.27
20240205,603001.SH,奥康国际,1500,5.7665,20231225,4.25,6375.0,-26.3
20240219,000153.SZ,丰原药业,1200,6.3896,20240205,7.12,8544.0,11.43
20240219,603716.SH,塞力医疗,1100,7.1407,20240205,6.44,7084.0,-9.81
20240304,603117.SH,万林物流,5800,2.674,20240219,3.29,19082.0,23.04
20240304,000153.SZ,丰原药业,2200,6.7264,20240205,7.57,16654.0,12.54
20240304,603311.SH,金海高科,2000,7.5713,20240219,8.09,16180.0,6.85
20240318,600387.SH,退市海越(退),2600,5.1177,20240304,5.76,14976.0,12.55
20240318,600969.SH,郴电国际,2600,5.0275,20240304,5.47,14222.0,8.8
20240318,603311.SH,金海高科,1600,7.5713,20240219,8.86,14176.0,17.02
20240318,605336.SH,帅丰电器,1100,12.0981,20240304,12.78,14058.0,5.64
20240318,000407.SZ,胜利股份,4400,3.0145,20240304,3.15,13860.0,4.49
20240318,603579.SH,荣泰健康,700,18.3275,20240304,19.33,13531.0,5.47
20240401,000407.SZ,胜利股份,4300,3.0145,20240304,3.27,14061.0,8.48
20240401,603579.SH,荣泰健康,700,18.3275,20240304,19.96,13972.0,8.91
20240401,600408.SH,安泰集团,6800,1.983,20240318,2.05,13940.0,3.38
20240401,600969.SH,郴电国际,2400,5.0275,20240304,5.51,13224.0,9.6
20240401,603080.SH,新疆火炬,900,14.2413,20240318,14.36,12924.0,0.83
20240401,605336.SH,帅丰电器,1000,12.0981,20240304,12.81,12810.0,5.88
20240415,605336.SH,帅丰电器,1000,12.0981,20240304,14.02,14020.0,15.89
20240415,000407.SZ,胜利股份,4100,3.0145,20240304,3.23,13243.0,7.15
20240415,600333.SH,长春燃气,3200,4.2464,20240401,4.05,12960.0,-4.62
20240415,600051.SH,宁波联合,2200,6.1292,20240401,5.87,12914.0,-4.23
20240415,603318.SH,水发燃气,2000,6.5198,20240401,6.28,12560.0,-3.68
20240415,603080.SH,新疆火炬,900,14.2413,20240318,13.95,12555.0,-2.05
20240415,603797.SH,联泰环保,2800,4.697,20240401,4.33,12124.0,-7.81
20240415,688360.SH,德马科技,800,16.9053,20240401,15.11,12088.0,-10.62
20240415,603535.SH,嘉诚国际,800,15.4732,20240401,14.88,11904.0,-3.83
20240415,688211.SH,中科微至,400,31.5773,20240401,29.44,11776.0,-6.77
20240415,688231.SH,隆达股份,800,16.7751,20240401,14.69,11752.0,-12.43
20240415,688312.SH,燕麦科技,800,15.6935,20240401,13.98,11184.0,-10.92
20240429,688312.SH,燕麦科技,900,15.5054,20240401,16.06,14454.0,3.58
20240429,603080.SH,新疆火炬,900,14.2413,20240318,14.75,13275.0,3.57
20240429,688360.SH,德马科技,800,16.9053,20240401,16.52,13216.0,-2.28
20240429,603535.SH,嘉诚国际,800,15.4732,20240401,16.4,13120.0,5.99
20240429,603797.SH,联泰环保,2900,4.6846,20240401,4.47,12963.0,-4.58
20240429,603318.SH,水发燃气,2000,6.5198,20240401,6.42,12840.0,-1.53
20240429,600051.SH,宁波联合,2100,6.1292,20240401,6.0,12600.0,-2.11
20240429,600333.SH,长春燃气,3100,4.2464,20240401,4.06,12586.0,-4.39
20240429,688211.SH,中科微至,400,31.5773,20240401,30.94,12376.0,-2.02
20240429,605003.SH,众望布艺,700,16.5348,20240415,17.18,12026.0,3.9
20240513,600969.SH,郴电国际,2500,5.348,20240429,5.96,14900.0,11.44
20240513,600333.SH,长春燃气,3300,4.2354,20240401,4.32,14256.0,2.0
20240513,600227.SH,赤天化,7500,1.8027,20240429,1.9,14250.0,5.4
20240513,000407.SZ,胜利股份,4400,3.0946,20240429,3.21,14124.0,3.73
20240513,603117.SH,万林物流,4200,3.2348,20240429,3.2,13440.0,-1.08
20240513,603585.SH,苏利股份,1100,12.028,20240429,12.12,13332.0,0.76
20240513,601177.SH,杭齿前进,1600,8.042,20240429,8.21,13136.0,2.09
20240513,603041.SH,美思德,1100,11.4271,20240429,11.85,13035.0,3.7
20240513,600960.SH,渤海汽车,4000,3.4051,20240429,3.24,12960.0,-4.85
20240513,603797.SH,联泰环保,3000,4.6777,20240401,4.0,12000.0,-14.49
20240513,605151.SH,西上海,700,17.0956,20240429,16.42,11494.0,-3.95
20240513,688211.SH,中科微至,400,31.5773,20240401,28.07,11228.0,-11.11
20240527,603117.SH,万林物流,4400,3.2335,20240429,3.14,13816.0,-2.89
20240527,601177.SH,杭齿前进,1700,8.0526,20240429,7.95,13515.0,-1.27
20240527,000407.SZ,胜利股份,4400,3.0946,20240429,3.07,13508.0,-0.8
20240527,600960.SH,渤海汽车,4300,3.3939,20240429,3.1,13330.0,-8.66
20240527,603585.SH,苏利股份,1100,12.028,20240429,12.11,13321.0,0.68
20240527,603041.SH,美思德,1100,11.4271,20240429,11.68,12848.0,2.21
20240527,000565.SZ,渝三峡Ａ,2700,4.6069,20240513,4.7,12690.0,2.02
20240527,603578.SH,三星新材,1000,13.1597,20240513,12.58,12580.0,-4.41
20240527,605151.SH,西上海,800,17.0142,20240429,15.65,12520.0,-8.02
20240527,600356.SH,恒丰纸业,1800,6.8302,20240513,6.57,11826.0,-3.81
20240527,603700.SH,宁水集团,1100,11.1367,20240513,10.66,11726.0,-4.28
20240527,603926.SH,铁流股份,1200,9.8047,20240513,9.71,11652.0,-0.97
20240607,605151.SH,西上海,800,17.0142,20240429,14.9,11920.0,-12.43
20240607,600356.SH,恒丰纸业,1900,6.8171,20240513,6.26,11894.0,-8.17
20240607,000407.SZ,胜利股份,4200,3.0946,20240429,2.79,11718.0,-9.84
20240607,603700.SH,宁水集团,1200,11.0983,20240513,9.75,11700.0,-12.15
20240607,603578.SH,三星新材,1000,13.1597,20240513,11.68,11680.0,-11.24
20240607,600960.SH,渤海汽车,4100,3.3939,20240429,2.81,11521.0,-17.2
20240607,600408.SH,安泰集团,6600,1.9529,20240527,1.72,11352.0,-11.93
20240607,000565.SZ,渝三峡Ａ,2700,4.6069,20240513,4.18,11286.0,-9.27
20240607,603926.SH,铁流股份,1300,9.7985,20240513,8.54,11102.0,-12.84
20240607,603585.SH,苏利股份,1000,12.028,20240429,10.47,10470.0,-12.95
20240624,603578.SH,三星新材,600,13.1597,20240513,11.63,6978.0,-11.62
20240624,000407.SZ,胜利股份,2700,3.0946,20240429,2.54,6858.0,-17.92
20240708,605336.SH,帅丰电器,700,10.9965,20240624,11.02,7714.0,0.21
20240708,603578.SH,三星新材,600,13.1597,20240513,11.47,6882.0,-12.84
20240722,605336.SH,帅丰电器,700,10.9965,20240624,10.61,7427.0,-3.51
20240722,603318.SH,水发燃气,1300,5.5483,20240708,5.57,7241.0,0.39
20240805,603318.SH,水发燃气,2300,5.5614,20240708,5.71,13133.0,2.67
20240805,600333.SH,长春燃气,3500,3.6655,20240722,3.73,13055.0,1.76
20240805,601083.SH,锦江航运,1400,9.1237,20240722,9.15,12810.0,0.29
20240805,603115.SH,海星股份,1300,9.9249,20240722,9.84,12792.0,-0.86
20240805,603080.SH,新疆火炬,900,13.1497,20240722,13.53,12177.0,2.89
20240805,003033.SZ,征和工业,500,22.3234,20240722,22.3,11150.0,-0.1
20240819,600333.SH,长春燃气,3400,3.6655,20240722,3.78,12852.0,3.12
20240819,603115.SH,海星股份,1300,9.9249,20240722,9.72,12636.0,-2.06
20240819,603926.SH,铁流股份,1600,7.8317,20240805,7.87,12592.0,0.49
20240819,603836.SH,海程邦达,1100,11.7676,20240805,11.3,12430.0,-3.97
20240819,601083.SH,锦江航运,1400,9.1237,20240722,8.86,12404.0,-2.89
20240819,003033.SZ,征和工业,500,22.3234,20240722,23.7,11850.0,6.17
20240902,600333.SH,长春燃气,3400,3.6655,20240722,3.79,12886.0,3.4
20240902,605208.SH,永茂泰,2000,6.1993,20240819,6.27,12540.0,1.14
20240902,603926.SH,铁流股份,1600,7.8317,20240805,7.8,12480.0,-0.41
20240902,603836.SH,海程邦达,1100,11.7676,20240805,11.17,12287.0,-5.08
20240902,605151.SH,西上海,800,14.8022,20240819,14.85,11880.0,0.32
20240902,688181.SH,八亿时空,700,16.8152,20240819,16.3,11410.0,-3.06
20240913,600333.SH,长春燃气,3400,3.6655,20240722,3.76,12784.0,2.58
20240913,605151.SH,西上海,800,14.8022,20240819,15.11,12088.0,2.08
20240913,603926.SH,铁流股份,1600,7.8317,20240805,7.46,11936.0,-4.75
20240913,605208.SH,永茂泰,2000,6.1993,20240819,5.86,11720.0,-5.47
20240913,603311.SH,金海高科,1500,8.2023,20240902,7.78,11670.0,-5.15
20240913,688181.SH,八亿时空,700,16.8152,20240819,15.3,10710.0,-9.01
20240930,603926.SH,铁流股份,2000,7.7596,20240805,8.98,17960.0,15.73
20240930,603318.SH,水发燃气,2700,5.6084,20240913,6.65,17955.0,18.57
20240930,603311.SH,金海高科,1900,8.1158,20240902,9.33,17727.0,14.96
20241014,603980.SH,吉华集团,3200,4.036,20240930,3.97,12704.0,-1.64
20241014,000565.SZ,渝三峡Ａ,2600,5.0476,20240930,4.87,12662.0,-3.52
20241014,600731.SH,湖南海利,2300,5.7286,20240930,5.41,12443.0,-5.56
20241014,600960.SH,渤海汽车,3900,3.335,20240930,3.17,12363.0,-4.95
20241014,603318.SH,水发燃气,1900,5.6084,20240913,6.45,12255.0,15.01
20241014,603329.SH,上海雅仕,1000,12.9995,20240930,11.93,11930.0,-8.23
20241028,000565.SZ,渝三峡Ａ,2700,5.0413,20240930,5.75,15525.0,14.06
20241028,600731.SH,湖南海利,2400,5.7156,20240930,6.07,14568.0,6.2
20241028,600960.SH,渤海汽车,4200,3.3235,20240930,3.42,14364.0,2.9
20241028,603980.SH,吉华集团,3300,4.0342,20240930,4.28,14124.0,6.09
20241028,600526.SH,菲达环保,3000,4.3866,20241014,4.61,13830.0,5.09
20241028,603017.SH,中衡设计,1500,8.5428,20241014,9.12,13680.0,6.76
20241028,603366.SH,日出东方,3000,4.2263,20241014,4.55,13650.0,7.66
20241028,000407.SZ,胜利股份,4200,3.0646,20241014,3.25,13650.0,6.05
20241028,603788.SH,宁波高发,900,13.1898,20241014,15.11,13599.0,14.56
20241028,600173.SH,卧龙新能,3100,4.1863,20241014,4.26,13206.0,1.76
20241028,603115.SH,海星股份,900,12.5588,20241014,14.1,12690.0,12.27
20241028,000055.SZ,方大集团,3100,3.8958,20241014,4.09,12679.0,4.98
20241111,603366.SH,日出东方,3000,4.2263,20241014,6.59,19770.0,55.93
20241111,600526.SH,菲达环保,3000,4.3866,20241014,4.98,14940.0,13.53
20241111,000407.SZ,胜利股份,4300,3.069,20241014,3.43,14749.0,11.76
20241111,600960.SH,渤海汽车,4000,3.3235,20240930,3.64,14560.0,9.52
20241111,000055.SZ,方大集团,3400,3.9135,20241014,4.26,14484.0,8.85
20241111,600173.SH,卧龙新能,3200,4.1888,20241014,4.4,14080.0,5.04
20241111,603017.SH,中衡设计,1500,8.5428,20241014,9.32,13980.0,9.1
20241111,603577.SH,汇金通,1600,8.012,20241028,8.25,13200.0,2.97
20241111,603096.SH,新经典,700,18.4677,20241028,18.01,12607.0,-2.48
20241111,603115.SH,海星股份,900,12.5588,20241014,13.82,12438.0,10.04
20241111,601999.SH,出版传媒,1800,6.65,20241028,6.88,12384.0,3.46
20241111,603321.SH,梅轮电梯,1700,7.0105,20241028,7.14,12138.0,1.85
20241125,600854.SH,春兰股份,2900,4.8973,20241111,5.29,15341.0,8.02
20241125,600960.SH,渤海汽车,3800,3.3235,20240930,4.02,15276.0,20.96
20241125,600693.SH,东百集团,3900,3.5854,20241111,3.69,14391.0,2.92
20241125,603577.SH,汇金通,1700,8.0267,20241028,8.38,14246.0,4.4
20241125,000055.SZ,方大集团,3300,3.9135,20241014,4.19,13827.0,7.07
20241125,601999.SH,出版传媒,2000,6.674,20241028,6.91,13820.0,3.54
20241125,000407.SZ,胜利股份,4000,3.069,20241014,3.44,13760.0,12.09
20241125,603017.SH,中衡设计,1500,8.5428,20241014,9.07,13605.0,6.17
20241125,000419.SZ,通程控股,2400,5.4782,20241111,5.57,13368.0,1.68
20241125,603999.SH,读者传媒,2200,6.1091,20241111,6.06,13332.0,-0.8
20241125,603012.SH,创力集团,2500,5.2579,20241111,5.17,12925.0,-1.67
20241125,603096.SH,新经典,700,18.4677,20241028,18.32,12824.0,-0.8
20241209,603999.SH,读者传媒,2200,6.1091,20241111,6.9,15180.0,12.95
20241209,603096.SH,新经典,700,18.4677,20241028,20.88,14616.0,13.06
20241209,603012.SH,创力集团,2600,5.2548,20241111,5.62,14612.0,6.95
20241209,603577.SH,汇金通,1600,8.0267,20241028,8.97,14352.0,11.75
20241209,000419.SZ,通程控股,2400,5.4782,20241111,5.92,14208.0,8.06
20241209,688560.SH,明冠新材,900,14.9724,20241125,15.58,14022.0,4.06
20241209,600693.SH,东百集团,3600,3.5854,20241111,3.89,14004.0,8.5
20241209,601999.SH,出版传媒,1900,6.674,20241028,7.3,13870.0,9.38
20241209,688057.SH,金达莱,1100,11.6274,20241125,12.25,13475.0,5.35
20241209,603017.SH,中衡设计,1400,8.5428,20241014,9.47,13258.0,10.85
20241223,605001.SH,威奥股份,2200,6.5698,20241209,7.88,17336.0,19.94
20241223,600693.SH,东百集团,3700,3.5938,20241111,4.55,16835.0,26.61
20241223,600858.SH,银座股份,2700,5.2378,20241209,4.98,13446.0,-4.92
20241223,688285.SH,高铁电气,1800,8.0921,20241209,7.46,13428.0,-7.81
20241223,603012.SH,创力集团,2500,5.2548,20241111,5.37,13425.0,2.19
20241223,000419.SZ,通程控股,2400,5.4782,20241111,5.54,13296.0,1.13
20241223,688119.SH,中钢洛耐,3200,4.3866,20241209,4.09,13088.0,-6.76
20241223,603956.SH,威派格,2300,6.1091,20241209,5.66,13018.0,-7.35
20241223,600665.SH,天地源,4000,3.5353,20241209,3.14,12560.0,-11.18
20241223,603017.SH,中衡设计,1500,8.6056,20241014,8.37,12555.0,-2.74
20241223,688057.SH,金达莱,1100,11.6274,20241125,11.28,12408.0,-2.99
20241223,688560.SH,明冠新材,900,14.9724,20241125,13.6,12240.0,-9.17
20250106,605060.SH,联德股份,900,14.9524,20241223,18.19,16371.0,21.65
20250106,605259.SH,绿田机械,900,15.0225,20241223,14.8,13320.0,-1.48
20250106,688057.SH,金达莱,1200,11.5999,20241125,10.65,12780.0,-8.19
20250106,603817.SH,海峡环保,2400,5.6384,20241223,5.31,12744.0,-5.83
20250106,600854.SH,春兰股份,2900,4.667,20241223,4.29,12441.0,-8.08
20250106,688285.SH,高铁电气,1800,8.0921,20241209,6.87,12366.0,-15.1
20250106,603339.SH,四方科技,1100,11.6174,20241223,11.23,12353.0,-3.33
20250106,688119.SH,中钢洛耐,3300,4.3778,20241209,3.66,12078.0,-16.4
20250106,603685.SH,晨丰科技,1000,13.32,20241223,10.92,10920.0,-18.02
20250106,605058.SH,澳弘电子,600,20.2303,20241223,18.13,10878.0,-10.38
20250120,605058.SH,澳弘电子,700,19.9341,20241223,23.56,16492.0,18.19
20250120,601177.SH,杭齿前进,1700,7.9018,20250106,8.92,15164.0,12.89
20250120,603618.SH,杭电股份,2600,5.0876,20250106,5.58,14508.0,9.68
20250120,603788.SH,宁波高发,1000,13.1898,20250106,14.48,14480.0,9.78
20250120,600854.SH,春兰股份,3100,4.6431,20241223,4.64,14384.0,-0.07
20250120,603966.SH,法兰泰克,1800,7.331,20250106,7.99,14382.0,8.99
20250120,605259.SH,绿田机械,900,15.0225,20241223,15.76,14184.0,4.91
20250120,603817.SH,海峡环保,2500,5.6256,20241223,5.61,14025.0,-0.28
20250120,688057.SH,金达莱,1200,11.5999,20241125,10.85,13020.0,-6.46
20250120,688330.SH,宏力达,500,24.737,20250106,25.9,12950.0,4.7
20250127,688285.SH,高铁电气,2000,7.1106,20250120,7.33,14660.0,3.08
20250127,603788.SH,宁波高发,1000,13.1898,20250106,14.53,14530.0,10.16
20250127,603817.SH,海峡环保,2500,5.6256,20241223,5.71,14275.0,1.5
20250127,603966.SH,法兰泰克,1800,7.331,20250106,7.85,14130.0,7.08
20250127,600805.SH,悦达投资,3200,4.4467,20250120,4.28,13696.0,-3.75
20250127,688330.SH,宏力达,500,24.737,20250106,26.44,13220.0,6.88
20250217,603787.SH,新日股份,1400,10.1853,20250127,10.49,14686.0,2.99
20250217,600805.SH,悦达投资,3300,4.4418,20250120,4.42,14586.0,-0.49
20250217,688285.SH,高铁电气,1900,7.1106,20250120,7.53,14307.0,5.9
20250217,688558.SH,国盛智科,600,21.9128,20250127,22.63,13578.0,3.27
20250217,688330.SH,宏力达,500,24.737,20250106,26.82,13410.0,8.42
20250217,603788.SH,宁波高发,900,13.1898,20250106,14.82,13338.0,12.36
20250303,600805.SH,悦达投资,3300,4.4418,20250120,4.48,14784.0,0.86
20250303,688558.SH,国盛智科,600,21.9128,20250127,24.39,14634.0,11.3
20250303,688285.SH,高铁电气,1900,7.1106,20250120,7.54,14326.0,6.04
20250303,688330.SH,宏力达,500,24.737,20250106,28.12,14060.0,13.68
20250303,603787.SH,新日股份,1300,10.1853,20250127,10.53,13689.0,3.38
20250303,603788.SH,宁波高发,900,13.1898,20250106,15.0,13500.0,13.72
20250317,603788.SH,宁波高发,900,13.1898,20250106,21.6,19440.0,63.76
20250317,603577.SH,汇金通,1700,8.2624,20250303,9.08,15436.0,9.9
20250317,688330.SH,宏力达,500,24.737,20250106,29.35,14675.0,18.65
20250317,600805.SH,悦达投资,3100,4.4418,20250120,4.71,14601.0,6.04
20250317,605500.SH,森林包装,2000,6.9805,20250303,7.26,14520.0,4.0
20250317,603966.SH,法兰泰克,1700,8.1722,20250303,8.52,14484.0,4.26
20250317,603385.SH,惠达卫浴,2100,6.4296,20250303,6.87,14427.0,6.85
20250317,688285.SH,高铁电气,1800,7.1106,20250120,7.76,13968.0,9.13
20250317,603180.SH,金牌家居,700,19.1587,20250303,19.88,13916.0,3.76
20250317,603586.SH,金麒麟,900,14.4817,20250303,15.31,13779.0,5.72
20250331,603966.SH,法兰泰克,1800,8.1923,20250303,9.26,16668.0,13.03
20250331,603586.SH,金麒麟,1000,14.5668,20250303,14.66,14660.0,0.64
20250331,605500.SH,森林包装,2100,6.9943,20250303,6.98,14658.0,-0.2
20250331,605058.SH,澳弘电子,600,23.7456,20250317,24.34,14604.0,2.5
20250331,603385.SH,惠达卫浴,2200,6.4501,20250303,6.42,14124.0,-0.47
20250331,688330.SH,宏力达,500,24.737,20250106,27.96,13980.0,13.03
20250331,688057.SH,金达莱,1200,11.8377,20250317,11.32,13584.0,-4.37
20250331,603096.SH,新经典,700,19.4792,20250317,19.32,13524.0,-0.82
20250331,603289.SH,泰瑞机器,1500,9.4742,20250317,8.75,13125.0,-7.64
20250331,603076.SH,乐惠国际,600,23.8357,20250317,21.69,13014.0,-9.0
20250331,603180.SH,金牌家居,700,19.1587,20250303,18.55,12985.0,-3.18
20250331,688015.SH,交控科技,600,21.0515,20250317,21.18,12708.0,0.61
20250414,603817.SH,海峡环保,2600,5.4982,20250331,5.39,14014.0,-1.97
20250414,603385.SH,惠达卫浴,2200,6.4501,20250303,6.12,13464.0,-5.12
20250414,605001.SH,威奥股份,2100,6.7401,20250331,6.41,13461.0,-4.9
20250414,603076.SH,乐惠国际,600,23.8357,20250317,21.68,13008.0,-9.04
20250414,603096.SH,新经典,700,19.4792,20250317,18.4,12880.0,-5.54
20250414,688334.SH,西高院,800,16.9654,20250331,16.09,12872.0,-5.16
20250414,688057.SH,金达莱,1200,11.8377,20250317,10.35,12420.0,-12.57
20250414,688308.SH,欧科亿,700,18.7881,20250331,17.02,11914.0,-9.41
20250414,603586.SH,金麒麟,900,14.5668,20250303,13.09,11781.0,-10.14
20250414,688015.SH,交控科技,600,21.0515,20250317,18.78,11268.0,-10.79
20250428,605500.SH,森林包装,2100,6.6299,20250414,7.21,15141.0,8.75
20250428,600262.SH,北方股份,800,16.695,20250414,18.81,15048.0,12.67
20250428,603817.SH,海峡环保,2600,5.4982,20250331,5.72,14872.0,4.03
20250428,603787.SH,新日股份,1400,9.7847,20250414,10.32,14448.0,5.47
20250428,600469.SH,风神股份,2600,5.2979,20250414,5.38,13988.0,1.55
20250428,605001.SH,威奥股份,2100,6.7401,20250331,6.38,13398.0,-5.34
20250428,688334.SH,西高院,800,16.9654,20250331,16.42,13136.0,-3.21
20250428,688308.SH,欧科亿,800,18.5703,20250331,16.35,13080.0,-11.96
20250428,688020.SH,方邦股份,400,30.6459,20250414,30.77,12308.0,0.4
20250428,603096.SH,新经典,700,19.4792,20250317,17.27,12089.0,-11.34
20250512,605001.SH,威奥股份,2300,6.7096,20250331,7.01,16123.0,4.48
20250512,603787.SH,新日股份,1400,9.7847,20250414,11.38,15932.0,16.3
20250512,688334.SH,西高院,900,16.9075,20250331,16.87,15183.0,-0.22
20250512,688558.SH,国盛智科,600,22.1832,20250428,25.3,15180.0,14.05
20250512,600469.SH,风神股份,2700,5.3013,20250414,5.57,15039.0,5.07
20250512,688020.SH,方邦股份,400,30.6459,20250414,33.7,13480.0,9.97
20250526,603768.SH,常青股份,1200,11.998,20250512,12.6,15120.0,5.02
20250526,000607.SZ,华媒控股,3900,3.8357,20250512,3.81,14859.0,-0.67
20250526,600469.SH,风神股份,2700,5.3013,20250414,5.5,14850.0,3.75
20250526,603096.SH,新经典,800,17.7967,20250512,17.58,14064.0,-1.22
20250526,688207.SH,格灵深瞳,1000,13.8107,20250512,14.01,14010.0,1.44
20250526,688334.SH,西高院,800,16.9075,20250331,16.75,13400.0,-0.93
20250609,603956.SH,威派格,2200,6.4697,20250526,7.2,15840.0,11.29
20250609,000607.SZ,华媒控股,3700,3.8357,20250512,4.18,15466.0,8.97
20250609,605001.SH,威奥股份,2100,6.8402,20250526,7.3,15330.0,6.72
20250609,603558.SH,健盛集团,1600,8.8533,20250526,9.4,15040.0,6.18
20250609,688571.SH,杭华股份,2000,7.1707,20250526,7.46,14920.0,4.03
20250609,603115.SH,海星股份,1000,14.3715,20250526,14.63,14630.0,1.8
20250609,600469.SH,风神股份,2600,5.3013,20250414,5.58,14508.0,5.26
20250609,603617.SH,君禾股份,2000,7.0706,20250526,7.14,14280.0,0.98
20250609,603096.SH,新经典,800,17.7967,20250512,17.77,14216.0,-0.15
20250609,600182.SH,S佳通,900,15.2528,20250526,15.69,14121.0,2.87
20250623,688571.SH,杭华股份,2100,7.185,20250526,7.33,15393.0,2.02
20250623,600182.SH,S佳通,1000,15.2989,20250526,15.28,15280.0,-0.12
20250623,688529.SH,豪森智能,900,16.7751,20250609,16.58,14922.0,-1.16
20250623,603012.SH,创力集团,2700,5.5383,20250609,5.37,14499.0,-3.04
20250623,603617.SH,君禾股份,2100,7.0744,20250526,6.84,14364.0,-3.31
20250623,603115.SH,海星股份,1000,14.3715,20250526,14.3,14300.0,-0.5
20250623,000570.SZ,苏常柴Ａ,2600,5.6885,20250609,5.49,14274.0,-3.49
20250623,688028.SH,沃尔德,700,21.4922,20250609,20.24,14168.0,-5.83
20250623,603817.SH,海峡环保,2500,5.7987,20250609,5.66,14150.0,-2.39
20250623,600526.SH,菲达环保,3000,4.8673,20250609,4.64,13920.0,-4.67
20250623,605001.SH,威奥股份,2000,6.8402,20250526,6.91,13820.0,1.02
20250623,003016.SZ,欣贺股份,1900,7.6615,20250609,7.26,13794.0,-5.24
20250707,603617.SH,君禾股份,2100,7.0744,20250526,7.37,15477.0,4.18
20250707,600526.SH,菲达环保,3100,4.8602,20250609,4.89,15159.0,0.61
20250707,000570.SZ,苏常柴Ａ,2600,5.6885,20250609,5.8,15080.0,1.96
20250707,603817.SH,海峡环保,2500,5.7987,20250609,5.99,14975.0,3.3
20250707,688028.SH,沃尔德,700,21.4922,20250609,21.34,14938.0,-0.71
20250707,603012.SH,创力集团,2600,5.5383,20250609,5.57,14482.0,0.57
20250707,603278.SH,大业股份,1600,8.8733,20250623,9.05,14480.0,1.99
20250707,600965.SH,福成股份,2900,4.8372,20250623,4.98,14442.0,2.95
20250707,003016.SZ,欣贺股份,1900,7.6615,20250609,7.54,14326.0,-1.59
20250707,688529.SH,豪森智能,800,16.7751,20250609,17.35,13880.0,3.43
20250721,603278.SH,大业股份,1700,8.8845,20250623,10.25,17425.0,15.37
20250721,003016.SZ,欣贺股份,2000,7.656,20250609,8.31,16620.0,8.54
20250721,603012.SH,创力集团,2700,5.5398,20250609,6.08,16416.0,9.75
20250721,605001.SH,威奥股份,2100,7.3009,20250707,7.65,16065.0,4.78
20250721,600526.SH,菲达环保,3100,4.8602,20250609,5.03,15593.0,3.49
20250721,603797.SH,联泰环保,3300,4.5969,20250707,4.72,15576.0,2.68
20250721,603817.SH,海峡环保,2500,5.7987,20250609,6.13,15325.0,5.71
20250721,600965.SH,福成股份,3000,4.8423,20250623,5.09,15270.0,5.12
20250721,601999.SH,出版传媒,2100,7.0105,20250707,7.16,15036.0,2.13
20250721,603217.SH,元利科技,800,17.8267,20250707,18.74,14992.0,5.12
20250721,603020.SH,爱普股份,1600,9.354,20250707,9.35,14960.0,-0.04
20250721,603180.SH,金牌家居,700,19.8097,20250707,19.71,13797.0,-0.5
20250804,603180.SH,金牌家居,800,19.8009,20250707,20.6,16480.0,4.04
20250804,605001.SH,威奥股份,2100,7.3009,20250707,7.69,16149.0,5.33
20250804,601999.SH,出版传媒,2200,7.0178,20250707,7.31,16082.0,4.16
20250804,603797.SH,联泰环保,3400,4.6007,20250707,4.7,15980.0,2.16
20250804,603020.SH,爱普股份,1700,9.3546,20250707,9.19,15623.0,-1.76
20250804,688285.SH,高铁电气,1700,8.8232,20250721,9.09,15453.0,3.02
20250804,603817.SH,海峡环保,2500,5.7987,20250609,6.01,15025.0,3.64
20250804,603217.SH,元利科技,800,17.8267,20250707,18.67,14936.0,4.73
20250804,600526.SH,菲达环保,2900,4.8602,20250609,4.89,14181.0,0.61
20250804,688308.SH,欧科亿,700,19.7396,20250721,20.14,14098.0,2.03
20250804,603289.SH,泰瑞机器,1400,9.9549,20250721,10.01,14014.0,0.55
20250804,688211.SH,中科微至,400,32.9193,20250721,33.96,13584.0,3.16
20250818,600382.SH,广东明珠,2700,5.4381,20250804,5.74,15498.0,5.55
20250818,603289.SH,泰瑞机器,1500,9.9596,20250721,10.25,15375.0,2.92
20250818,688308.SH,欧科亿,700,19.7396,20250721,21.16,14812.0,7.2
20250818,603817.SH,海峡环保,2500,5.7987,20250609,5.92,14800.0,2.09
20250818,605001.SH,威奥股份,1900,7.3009,20250707,7.76,14744.0,6.29
20250818,000411.SZ,英特集团,1300,11.3069,20250804,11.31,14703.0,0.03
20250818,688285.SH,高铁电气,1600,8.8232,20250721,9.17,14672.0,3.93
20250818,688211.SH,中科微至,400,32.9193,20250721,36.28,14512.0,10.21
20250818,000055.SZ,方大集团,3500,4.2063,20250804,4.13,14455.0,-1.81
20250818,601999.SH,出版传媒,2000,7.0178,20250707,7.16,14320.0,2.03
20250901,603020.SH,爱普股份,1700,9.0936,20250818,10.42,17714.0,14.59
20250901,000411.SZ,英特集团,1400,11.3084,20250804,12.3,17220.0,8.77
20250901,688015.SH,交控科技,700,22.1231,20250818,23.93,16751.0,8.17
20250901,603817.SH,海峡环保,2700,5.8083,20250609,6.16,16632.0,6.05
20250901,603217.SH,元利科技,800,18.5278,20250818,20.7,16560.0,11.72
20250901,600382.SH,广东明珠,2700,5.4381,20250804,6.1,16470.0,12.17
20250901,600526.SH,菲达环保,3100,4.8773,20250818,5.3,16430.0,8.67
20250901,688119.SH,中钢洛耐,3500,4.4667,20250818,4.52,15820.0,1.19
20250901,001217.SZ,华尔泰,1300,11.7075,20250818,11.72,15236.0,0.11
20250901,605001.SH,威奥股份,2000,7.3245,20250707,7.55,15100.0,3.08
20250901,688308.SH,欧科亿,700,19.7396,20250721,19.7,13790.0,-0.2
20250901,688211.SH,中科微至,400,32.9193,20250721,33.8,13520.0,2.68
20250915,001217.SZ,华尔泰,1300,11.7075,20250818,12.13,15769.0,3.61
20250915,000421.SZ,南京公用,2400,6.4597,20250901,6.42,15408.0,-0.61
20250915,688560.SH,明冠新材,1000,14.4416,20250901,15.18,15180.0,5.11
20250915,688119.SH,中钢洛耐,3400,4.4667,20250818,4.39,14926.0,-1.72
20250915,603585.SH,苏利股份,800,19.1287,20250901,18.59,14872.0,-2.82
20250915,605001.SH,威奥股份,2000,7.3245,20250707,7.42,14840.0,1.3
20250915,603577.SH,汇金通,1500,9.8548,20250901,9.7,14550.0,-1.57
20250915,603079.SH,圣达生物,800,17.8067,20250901,18.09,14472.0,1.59
20250915,688211.SH,中科微至,400,32.9193,20250721,33.32,13328.0,1.22
20250915,688075.SH,安旭生物,300,40.5207,20250901,39.25,11775.0,-3.14
20250929,603421.SH,鼎信通讯,2300,6.5298,20250915,7.27,16721.0,11.34
20250929,603956.SH,威派格,2300,6.5298,20250915,6.93,15939.0,6.13
20250929,688119.SH,中钢洛耐,3500,4.4647,20250818,4.33,15155.0,-3.02
20250929,605001.SH,威奥股份,2000,7.3245,20250707,7.56,15120.0,3.22
20250929,000421.SZ,南京公用,2400,6.4597,20250901,6.27,15048.0,-2.94
20250929,603585.SH,苏利股份,800,19.1287,20250901,18.19,14552.0,-4.91
20250929,603577.SH,汇金通,1500,9.8548,20250901,9.35,14025.0,-5.12
20250929,603309.SH,维力医疗,1000,14.4116,20250915,13.55,13550.0,-5.98
20250929,688211.SH,中科微至,400,32.9193,20250721,33.54,13416.0,1.89
20250929,688075.SH,安旭生物,300,40.5207,20250901,38.78,11634.0,-4.3
20251013,688119.SH,中钢洛耐,3500,4.4647,20250818,4.51,15785.0,1.01
20251013,688571.SH,杭华股份,1900,7.8818,20250929,8.25,15675.0,4.67
20251013,000789.SZ,万年青,2600,5.7887,20250929,5.97,15522.0,3.13
20251013,600594.SH,益佰制药,3700,4.0961,20250929,4.13,15281.0,0.83
20251013,603999.SH,读者传媒,2400,6.4096,20250929,6.36,15264.0,-0.77
20251013,605001.SH,威奥股份,2000,7.3245,20250707,7.6,15200.0,3.76
20251013,603577.SH,汇金通,1600,9.8241,20250901,9.49,15184.0,-3.4
20251013,605066.SH,天正电气,2000,7.4011,20250929,7.53,15060.0,1.74
20251013,603309.SH,维力医疗,1100,14.3351,20250915,13.34,14674.0,-6.94
20251013,688211.SH,中科微至,400,32.9193,20250721,32.49,12996.0,-1.3
20251027,600716.SH,凤凰股份,4000,3.8057,20251013,4.16,16640.0,9.31
20251027,603999.SH,读者传媒,2400,6.4096,20250929,6.65,15960.0,3.75
20251027,603309.SH,维力医疗,1100,14.3351,20250915,14.5,15950.0,1.15
20251027,600594.SH,益佰制药,3700,4.0961,20250929,4.26,15762.0,4.0
20251027,605001.SH,威奥股份,2000,7.3245,20250707,7.88,15760.0,7.58
20251027,603577.SH,汇金通,1600,9.8241,20250901,9.68,15488.0,-1.47
20251027,603739.SH,蔚蓝生物,1100,13.6605,20251013,14.04,15444.0,2.78
20251027,605066.SH,天正电气,2000,7.4011,20250929,7.58,15160.0,2.42
20251027,688571.SH,杭华股份,1800,7.8818,20250929,8.24,14832.0,4.54
20251027,688211.SH,中科微至,400,32.9193,20250721,32.35,12940.0,-1.73
20251110,603739.SH,蔚蓝生物,1100,13.6605,20251013,15.83,17413.0,15.88
20251110,603577.SH,汇金通,1600,9.8241,20250901,10.53,16848.0,7.19
20251110,605066.SH,天正电气,2000,7.4011,20250929,8.07,16140.0,9.04
20251110,600594.SH,益佰制药,3600,4.0961,20250929,4.42,15912.0,7.91
20251110,605158.SH,华达新材,1800,8.6229,20251027,8.84,15912.0,2.52
20251110,688571.SH,杭华股份,1900,7.9013,20250929,8.29,15751.0,4.92
20251110,605001.SH,威奥股份,1900,7.3245,20250707,8.09,15371.0,10.45
20251110,688015.SH,交控科技,600,24.3865,20251027,24.11,14466.0,-1.13
20251110,688267.SH,中触媒,500,27.5713,20251027,28.73,14365.0,4.2
20251110,688211.SH,中科微至,400,32.9193,20250721,32.17,12868.0,-2.28
20251124,688015.SH,交控科技,700,24.3522,20251027,22.7,15890.0,-6.78
20251124,605001.SH,威奥股份,2100,7.3985,20250707,7.44,15624.0,0.56
20251124,605158.SH,华达新材,1900,8.635,20251027,8.17,15523.0,-5.39
20251124,000789.SZ,万年青,2800,5.8187,20251110,5.5,15400.0,-5.48
20251124,688211.SH,中科微至,500,32.7791,20250721,30.51,15255.0,-6.92
20251124,603916.SH,苏博特,1600,10.3054,20251110,9.52,15232.0,-7.62
20251124,603278.SH,大业股份,1600,9.8247,20251110,9.19,14704.0,-6.46
20251124,603289.SH,泰瑞机器,1500,10.7561,20251110,9.8,14700.0,-8.89
20251124,688571.SH,杭华股份,2000,7.9214,20250929,7.24,14480.0,-8.6
20251124,688391.SH,钜泉科技,500,31.1266,20251110,28.61,14305.0,-8.09
20251124,001207.SZ,联科科技,600,22.7841,20251110,22.34,13404.0,-1.95
20251124,688267.SH,中触媒,500,27.5713,20251027,26.74,13370.0,-3.02
20251208,605058.SH,澳弘电子,500,28.052,20251124,34.8,17400.0,24.06
20251208,603278.SH,大业股份,1600,9.8247,20251110,10.69,17104.0,8.81
20251208,000789.SZ,万年青,2800,5.8187,20251110,5.55,15540.0,-4.62
20251208,688119.SH,中钢洛耐,3700,4.1162,20251124,4.19,15503.0,1.79
20251208,003037.SZ,三和管桩,2000,7.6314,20251124,7.75,15500.0,1.55
20251208,603916.SH,苏博特,1600,10.3054,20251110,9.54,15264.0,-7.43
20251208,600876.SH,凯盛新能,1500,10.2253,20251124,10.05,15075.0,-1.71
20251208,603020.SH,爱普股份,1500,10.0851,20251124,10.02,15030.0,-0.65
20251208,600784.SH,鲁银投资,2300,6.5098,20251124,6.47,14881.0,-0.61
20251208,688391.SH,钜泉科技,500,31.1266,20251110,29.57,14785.0,-5.0
20251222,688119.SH,中钢洛耐,3700,4.1162,20251124,5.38,19906.0,30.7
20251222,600784.SH,鲁银投资,2400,6.5085,20251124,6.63,15912.0,1.87
20251222,603020.SH,爱普股份,1500,10.0851,20251124,10.43,15645.0,3.42
20251222,600805.SH,悦达投资,2800,5.4682,20251208,5.58,15624.0,2.04
20251222,603916.SH,苏博特,1600,10.3054,20251110,9.6,15360.0,-6.85
20251222,000789.SZ,万年青,2800,5.8187,20251110,5.37,15036.0,-7.71
20251222,603012.SH,创力集团,2600,5.8988,20251208,5.78,15028.0,-2.01
20251222,003037.SZ,三和管桩,2000,7.6314,20251124,7.47,14940.0,-2.12
20251222,600876.SH,凯盛新能,1500,10.2253,20251124,9.82,14730.0,-3.96
20251222,688391.SH,钜泉科技,500,31.1266,20251110,28.31,14155.0,-9.05
20251231,003037.SZ,三和管桩,2200,7.6178,20251124,8.1,17820.0,6.33
20251231,603012.SH,创力集团,2800,5.891,20251208,6.04,16912.0,2.53
20251231,603956.SH,威派格,2500,6.3595,20251222,6.46,16150.0,1.58
20251231,600876.SH,凯盛新能,1600,10.2009,20251124,9.86,15776.0,-3.34
20251231,688285.SH,高铁电气,1800,8.7431,20251222,8.68,15624.0,-0.72
20251231,603739.SH,蔚蓝生物,1100,14.4316,20251222,14.15,15565.0,-1.95
