date,ts_code,direction,price,shares,amount,commission,status,reason
20200123,601398.SH,BUY,5.72,5800,33176.0,4.9764,FILLED,
20200123,601288.SH,BUY,3.52,9400,33088.0,4.9632,FILLED,
20200123,601857.SH,BUY,5.64,5900,33276.0,4.9914,FILLED,
20200123,601318.SH,BUY,83.49,300,25047.0,3.7570499999999996,FILLED,
20200123,601988.SH,BUY,3.61,9200,33212.0,4.9818,FILLED,
20200123,600036.SH,BUY,36.81,900,33129.0,4.9693499999999995,FILLED,
20200123,601628.SH,BUY,32.26,1000,32259.999999999996,4.838999999999999,FILLED,
20200123,000858.SZ,BUY,126.16,200,25232.0,3.7847999999999997,FILLED,
20200123,600028.SH,BUY,4.94,6700,33098.0,4.9647,FILLED,
20200123,600276.SH,BUY,87.99,300,26397.0,3.9595499999999997,FILLED,
20200123,000651.SZ,BUY,63.94,500,31970.0,4.7955,FILLED,
20200123,600900.SH,BUY,17.15,1900,32584.999999999996,4.887749999999999,FILLED,
20200123,000333.SZ,BUY,55.1,600,33060.0,4.959,FILLED,
20200123,601166.SH,BUY,18.59,1700,31603.0,4.740449999999999,FILLED,
20200123,600000.SH,BUY,11.35,2900,32915.0,4.93725,FILLED,
20200123,000001.SZ,BUY,15.54,2100,32634.0,4.895099999999999,FILLED,
20200123,002415.SZ,BUY,36.0,900,32400.0,4.859999999999999,FILLED,
20200123,603288.SH,BUY,107.21,300,32162.999999999996,4.824449999999999,FILLED,
20200123,601088.SH,BUY,17.28,1900,32832.0,4.924799999999999,FILLED,
20200123,000002.SZ,BUY,28.98,1100,31878.0,4.7817,FILLED,
20200123,600104.SH,BUY,22.61,1400,31654.0,4.7481,FILLED,
20200123,002475.SZ,BUY,45.15,700,31605.0,4.740749999999999,FILLED,
20200123,600030.SH,BUY,23.9,1300,31069.999999999996,4.660499999999999,FILLED,
20200123,601601.SH,BUY,35.96,900,32364.0,4.8546,FILLED,
20200123,601668.SH,BUY,5.47,6000,32820.0,4.922999999999999,FILLED,
20200123,600016.SH,BUY,6.08,5400,32832.0,4.924799999999999,FILLED,
20200123,601328.SH,BUY,5.47,6000,32820.0,4.922999999999999,FILLED,
20200123,600585.SH,BUY,48.0,600,28800.0,4.319999999999999,FILLED,
20200123,601998.SH,BUY,5.82,5700,33174.0,4.9761,FILLED,
20200228,601288.SH,SELL,3.41,100,341.0,0.051149999999999994,FILLED,
20200228,601988.SH,SELL,3.55,200,710.0,0.1065,FILLED,
20200228,600900.SH,SELL,17.03,100,1703.0,0.25544999999999995,FILLED,
20200228,000002.SZ,SELL,29.59,100,2959.0,0.44384999999999997,FILLED,
20200228,002475.SZ,SELL,47.8,100,4780.0,0.717,FILLED,
20200228,601668.SH,SELL,5.37,100,537.0,0.08055,FILLED,
20200228,600585.SH,SELL,54.86,100,5486.0,0.8229,FILLED,
20200228,601998.SH,SELL,5.43,5700,30951.0,4.64265,FILLED,
20200228,601398.SH,BUY,5.3,200,1060.0,0.15899999999999997,FILLED,
20200228,601318.SH,BUY,77.72,100,7772.0,1.1658,FILLED,
20200228,601857.SH,BUY,5.07,400,2028.0,0.30419999999999997,FILLED,
20200228,600028.SH,BUY,4.6,200,919.9999999999999,0.13799999999999998,FILLED,
20200228,601166.SH,BUY,17.29,100,1729.0,0.25934999999999997,FILLED,
20200228,000001.SZ,BUY,14.5,100,1450.0,0.21749999999999997,FILLED,
20200228,601088.SH,BUY,16.0,100,1600.0,0.24,FILLED,
20200228,002352.SZ,BUY,48.95,600,29370.0,4.4055,FILLED,
20200228,601328.SH,BUY,5.2,100,520.0,0.078,FILLED,
20200228,600016.SH,BUY,5.72,200,1144.0,0.17159999999999997,FILLED,
20200228,601601.SH,BUY,31.89,100,3189.0,0.47834999999999994,FILLED,
20200331,601398.SH,SELL,5.15,100,515.0,0.07725,FILLED,
20200331,601288.SH,SELL,3.37,300,1011.0,0.15164999999999998,FILLED,
20200331,601988.SH,SELL,3.48,300,1044.0,0.1566,FILLED,
20200331,600028.SH,SELL,4.43,100,443.0,0.06645,FILLED,
20200331,600900.SH,SELL,17.29,100,1729.0,0.25934999999999997,FILLED,
20200331,603288.SH,SELL,125.17,100,12517.0,1.8775499999999998,FILLED,
20200331,601088.SH,SELL,16.24,200,3247.9999999999995,0.4871999999999999,FILLED,
20200331,601601.SH,SELL,28.22,1000,28220.0,4.233,FILLED,
20200331,601668.SH,SELL,5.27,200,1054.0,0.1581,FILLED,
20200331,600016.SH,SELL,5.71,300,1713.0,0.25694999999999996,FILLED,
20200331,601328.SH,SELL,5.16,200,1032.0,0.1548,FILLED,
20200331,601857.SH,BUY,4.62,300,1386.0,0.20789999999999997,FILLED,
20200331,601628.SH,BUY,26.34,100,2634.0,0.39509999999999995,FILLED,
20200331,601166.SH,BUY,15.91,100,1591.0,0.23864999999999997,FILLED,
20200331,600000.SH,BUY,10.15,100,1015.0,0.15225,FILLED,
20200331,000002.SZ,BUY,25.65,100,2565.0,0.38475,FILLED,
20200331,000001.SZ,BUY,12.8,100,1280.0,0.19199999999999998,FILLED,
20200331,002415.SZ,BUY,27.9,100,2790.0,0.4185,FILLED,
20200331,002475.SZ,BUY,38.16,200,7631.999999999999,1.1447999999999998,FILLED,
20200331,600048.SH,BUY,14.87,2000,29740.0,4.460999999999999,FILLED,
20200430,000333.SZ,SELL,53.75,100,5375.0,0.8062499999999999,FILLED,
20200430,600000.SH,SELL,10.63,100,1063.0,0.15944999999999998,FILLED,
20200430,000001.SZ,SELL,13.93,100,1393.0,0.20894999999999997,FILLED,
20200430,002415.SZ,SELL,32.06,100,3206.0,0.48089999999999994,FILLED,
20200430,002475.SZ,SELL,47.31,200,9462.0,1.4192999999999998,FILLED,
20200430,600048.SH,SELL,16.24,100,1623.9999999999998,0.24359999999999996,FILLED,
20200430,601398.SH,BUY,5.17,200,1034.0,0.1551,FILLED,
20200430,601288.SH,BUY,3.46,200,692.0,0.10379999999999999,FILLED,
20200430,601988.SH,BUY,3.48,400,1392.0,0.20879999999999999,FILLED,
20200430,601857.SH,BUY,4.44,500,2220.0,0.33299999999999996,FILLED,
20200430,600028.SH,BUY,4.46,300,1338.0,0.2007,FILLED,
20200430,600900.SH,BUY,17.45,100,1745.0,0.26175,FILLED,
20200430,601088.SH,BUY,15.93,100,1593.0,0.23894999999999997,FILLED,
20200430,600104.SH,BUY,18.9,200,3779.9999999999995,0.5669999999999998,FILLED,
20200430,601668.SH,BUY,5.24,300,1572.0,0.23579999999999998,FILLED,
20200430,600016.SH,BUY,5.89,100,589.0,0.08835,FILLED,
20200430,601328.SH,BUY,5.18,200,1036.0,0.15539999999999998,FILLED,
20200529,601398.SH,SELL,5.12,100,512.0,0.0768,FILLED,
20200529,601288.SH,SELL,3.4,200,680.0,0.102,FILLED,
20200529,601988.SH,SELL,3.45,200,690.0,0.1035,FILLED,
20200529,600900.SH,SELL,17.39,100,1739.0,0.26084999999999997,FILLED,
20200529,601088.SH,SELL,16.38,100,1638.0,0.24569999999999997,FILLED,
20200529,601328.SH,SELL,5.11,100,511.00000000000006,0.07665,FILLED,
20200529,600048.SH,SELL,14.36,1900,27284.0,4.0926,FILLED,
20200529,601857.SH,BUY,4.25,100,425.0,0.06375,FILLED,
20200529,601628.SH,BUY,25.6,100,2560.0,0.38399999999999995,FILLED,
20200529,600028.SH,BUY,4.14,300,1242.0,0.1863,FILLED,
20200529,000001.SZ,BUY,13.0,100,1300.0,0.19499999999999998,FILLED,
20200529,002415.SZ,BUY,27.47,200,5494.0,0.8240999999999999,FILLED,
20200529,600104.SH,BUY,17.92,100,1792.0000000000002,0.2688,FILLED,
20200529,601668.SH,BUY,5.0,100,500.0,0.075,FILLED,
20200529,601888.SH,BUY,101.23,300,30369.0,4.55535,FILLED,
20200630,601628.SH,SELL,27.21,100,2721.0,0.40814999999999996,FILLED,
20200630,000858.SZ,SELL,171.12,100,17112.0,2.5667999999999997,FILLED,
20200630,600900.SH,SELL,18.94,100,1894.0000000000002,0.2841,FILLED,
20200630,002415.SZ,SELL,30.35,100,3035.0,0.45524999999999993,FILLED,
20200630,601668.SH,SELL,4.77,6100,29096.999999999996,4.3645499999999995,FILLED,
20200630,002352.SZ,SELL,54.7,100,5470.0,0.8204999999999999,FILLED,
20200630,601888.SH,SELL,154.03,100,15403.0,2.31045,FILLED,
20200630,601398.SH,BUY,4.98,400,1992.0000000000002,0.2988,FILLED,
20200630,601288.SH,BUY,3.38,400,1352.0,0.20279999999999998,FILLED,
20200630,601988.SH,BUY,3.48,200,696.0,0.10439999999999999,FILLED,
20200630,601857.SH,BUY,4.19,400,1676.0000000000002,0.2514,FILLED,
20200630,600028.SH,BUY,3.91,700,2737.0,0.41054999999999997,FILLED,
20200630,601166.SH,BUY,15.78,100,1578.0,0.23669999999999997,FILLED,
20200630,600000.SH,BUY,10.58,100,1058.0,0.15869999999999998,FILLED,
20200630,000002.SZ,BUY,26.14,100,2614.0,0.39209999999999995,FILLED,
20200630,000001.SZ,BUY,12.8,100,1280.0,0.19199999999999998,FILLED,
20200630,601088.SH,BUY,14.36,400,5744.0,0.8615999999999999,FILLED,
20200630,300750.SZ,BUY,174.36,100,17436.0,2.6153999999999997,FILLED,
20200630,600585.SH,BUY,52.91,100,5291.0,0.79365,FILLED,
20200630,601328.SH,BUY,5.13,200,1026.0,0.15389999999999998,FILLED,
20200630,600016.SH,BUY,5.67,200,1134.0,0.17009999999999997,FILLED,
20200630,600104.SH,BUY,16.99,100,1698.9999999999998,0.25484999999999997,FILLED,
20200731,601628.SH,SELL,36.49,200,7298.0,1.0947,FILLED,
20200731,000333.SZ,SELL,71.75,100,7175.0,1.07625,FILLED,
20200731,002415.SZ,SELL,36.99,100,3699.0,0.55485,FILLED,
20200731,600104.SH,SELL,18.18,1800,32724.0,4.9086,FILLED,
20200731,002475.SZ,SELL,58.59,100,5859.0,0.8788499999999999,FILLED,
20200731,600030.SH,SELL,29.96,200,5992.0,0.8987999999999999,FILLED,
20200731,600016.SH,SELL,5.54,5600,31024.0,4.6536,FILLED,
20200731,601328.SH,SELL,4.76,6200,29512.0,4.426799999999999,FILLED,
20200731,600585.SH,SELL,61.42,100,6142.0,0.9212999999999999,FILLED,
20200731,002352.SZ,SELL,70.92,100,7092.0,1.0637999999999999,FILLED,
20200731,601888.SH,SELL,243.0,100,24300.0,3.6449999999999996,FILLED,
20200731,601398.SH,BUY,4.96,600,2976.0,0.44639999999999996,FILLED,
20200731,601288.SH,BUY,3.23,1300,4199.0,0.6298499999999999,FILLED,
20200731,601857.SH,BUY,4.45,200,890.0,0.13349999999999998,FILLED,
20200731,601988.SH,BUY,3.33,1300,4329.0,0.64935,FILLED,
20200731,600900.SH,BUY,18.37,200,3674.0,0.5510999999999999,FILLED,
20200731,600028.SH,BUY,4.0,500,2000.0,0.3,FILLED,
20200731,000651.SZ,BUY,56.91,100,5691.0,0.8536499999999999,FILLED,
20200731,601166.SH,BUY,15.66,200,3132.0,0.46979999999999994,FILLED,
20200731,600000.SH,BUY,10.36,300,3108.0,0.46619999999999995,FILLED,
20200731,000001.SZ,BUY,13.34,200,2668.0,0.40019999999999994,FILLED,
20200731,002714.SZ,BUY,91.48,300,27444.0,4.1166,FILLED,
20200731,600887.SH,BUY,36.63,900,32967.0,4.945049999999999,FILLED,
20200731,601012.SH,BUY,56.8,600,34080.0,5.111999999999999,FILLED,
20200831,601628.SH,SELL,43.68,100,4368.0,0.6551999999999999,FILLED,
20200831,000001.SZ,SELL,15.08,300,4524.0,0.6786,FILLED,
20200831,603288.SH,SELL,183.2,100,18320.0,2.7479999999999998,FILLED,
20200831,002714.SZ,SELL,87.8,300,26340.0,3.9509999999999996,FILLED,
20200831,600887.SH,SELL,41.94,100,4194.0,0.6291,FILLED,
20200831,601012.SH,SELL,63.28,100,6328.0,0.9491999999999999,FILLED,
20200831,601398.SH,BUY,4.96,200,992.0,0.1488,FILLED,
20200831,601288.SH,BUY,3.21,400,1284.0,0.1926,FILLED,
20200831,601857.SH,BUY,4.43,300,1329.0,0.19934999999999997,FILLED,
20200831,601988.SH,BUY,3.28,500,1640.0,0.24599999999999997,FILLED,
20200831,000333.SZ,BUY,70.54,100,7054.000000000001,1.0581,FILLED,
20200831,600028.SH,BUY,4.03,300,1209.0,0.18134999999999998,FILLED,
20200831,002475.SZ,BUY,55.0,100,5500.0,0.825,FILLED,
20200831,600000.SH,BUY,10.36,100,1036.0,0.15539999999999998,FILLED,
20200831,000002.SZ,BUY,27.27,100,2727.0,0.40904999999999997,FILLED,
20200831,000568.SZ,BUY,149.5,200,29900.0,4.484999999999999,FILLED,
20200930,601628.SH,SELL,44.43,100,4443.0,0.66645,FILLED,
20200930,000333.SZ,SELL,72.6,100,7259.999999999999,1.0889999999999997,FILLED,
20200930,601166.SH,SELL,16.13,100,1613.0,0.24194999999999997,FILLED,
20200930,601088.SH,SELL,16.47,100,1647.0,0.24705,FILLED,
20200930,000002.SZ,SELL,28.02,100,2802.0,0.42029999999999995,FILLED,
20200930,601012.SH,SELL,75.01,100,7501.000000000001,1.12515,FILLED,
20200930,000568.SZ,SELL,143.55,200,28710.000000000004,4.3065,FILLED,
20200930,601988.SH,BUY,3.2,100,320.0,0.047999999999999994,FILLED,
20200930,601857.SH,BUY,4.11,500,2055.0,0.30824999999999997,FILLED,
20200930,603288.SH,BUY,162.1,100,16210.0,2.4314999999999998,FILLED,
20200930,600028.SH,BUY,3.91,100,391.0,0.058649999999999994,FILLED,
20200930,600000.SH,BUY,9.39,300,2817.0,0.42255,FILLED,
20200930,600887.SH,BUY,38.5,100,3850.0,0.5774999999999999,FILLED,
20200930,600104.SH,BUY,19.13,1800,34434.0,5.1651,FILLED,
20200930,600585.SH,BUY,55.26,100,5526.0,0.8289,FILLED,
20201030,601166.SH,SELL,17.8,100,1780.0,0.26699999999999996,FILLED,
20201030,000001.SZ,SELL,17.75,300,5325.0,0.79875,FILLED,
20201030,002415.SZ,SELL,44.9,100,4490.0,0.6735,FILLED,
20201030,600585.SH,SELL,50.84,600,30504.000000000004,4.5756000000000006,FILLED,
20201030,600104.SH,SELL,23.15,300,6945.0,1.04175,FILLED,
20201030,601398.SH,BUY,4.92,200,984.0,0.14759999999999998,FILLED,
20201030,601288.SH,BUY,3.15,400,1260.0,0.18899999999999997,FILLED,
20201030,601988.SH,BUY,3.18,400,1272.0,0.19079999999999997,FILLED,
20201030,601857.SH,BUY,4.07,300,1221.0,0.18314999999999998,FILLED,
20201030,600276.SH,BUY,88.84,100,8884.0,1.3325999999999998,FILLED,
20201030,600900.SH,BUY,18.96,100,1896.0,0.2844,FILLED,
20201030,600028.SH,BUY,3.9,300,1170.0,0.1755,FILLED,
20201030,600030.SH,BUY,28.63,100,2863.0,0.42944999999999994,FILLED,
20201030,600000.SH,BUY,9.26,200,1852.0,0.2778,FILLED,
20201030,000002.SZ,BUY,27.55,100,2755.0,0.41324999999999995,FILLED,
20201030,000568.SZ,BUY,172.5,200,34500.0,5.175,FILLED,
20201130,601398.SH,SELL,5.32,300,1596.0,0.23939999999999997,FILLED,
20201130,601857.SH,SELL,4.31,100,430.99999999999994,0.06464999999999999,FILLED,
20201130,600036.SH,SELL,44.2,100,4420.0,0.6629999999999999,FILLED,
20201130,600028.SH,SELL,4.19,200,838.0000000000001,0.1257,FILLED,
20201130,000651.SZ,SELL,66.64,100,6664.0,0.9995999999999999,FILLED,
20201130,601166.SH,SELL,21.02,200,4204.0,0.6305999999999999,FILLED,
20201130,600000.SH,SELL,10.06,200,2012.0,0.30179999999999996,FILLED,
20201130,000001.SZ,SELL,19.74,100,1973.9999999999998,0.2960999999999999,FILLED,
20201130,601088.SH,SELL,19.62,200,3924.0,0.5885999999999999,FILLED,
20201130,000002.SZ,SELL,30.7,100,3070.0,0.46049999999999996,FILLED,
20201130,600887.SH,SELL,37.79,900,34011.0,5.101649999999999,FILLED,
20201130,601012.SH,SELL,68.7,400,27480.0,4.122,FILLED,
20201130,600104.SH,SELL,26.51,100,2651.0,0.39764999999999995,FILLED,
20201130,601288.SH,BUY,3.29,100,329.0,0.04935,FILLED,
20201130,601628.SH,BUY,42.41,200,8482.0,1.2723,FILLED,
20201130,601988.SH,BUY,3.3,100,330.0,0.049499999999999995,FILLED,
20201130,002475.SZ,BUY,51.69,100,5169.0,0.77535,FILLED,
20201130,601601.SH,BUY,38.65,900,34785.0,5.21775,FILLED,
20201130,600031.SH,BUY,30.71,1200,36852.0,5.527799999999999,FILLED,
20201231,600276.SH,SELL,111.46,100,11146.0,1.6719,FILLED,
20201231,600000.SH,SELL,9.68,3700,35816.0,5.3724,FILLED,
20201231,603288.SH,SELL,200.54,100,20054.0,3.0080999999999998,FILLED,
20201231,000002.SZ,SELL,28.7,1200,34440.0,5.1659999999999995,FILLED,
20201231,000568.SZ,SELL,226.16,100,22616.0,3.3924,FILLED,
20201231,601601.SH,SELL,38.4,900,34560.0,5.183999999999999,FILLED,
20201231,600031.SH,SELL,34.98,100,3497.9999999999995,0.5246999999999998,FILLED,
20201231,601398.SH,BUY,4.99,800,3992.0,0.5988,FILLED,
20201231,601288.SH,BUY,3.14,900,2826.0,0.42389999999999994,FILLED,
20201231,601628.SH,BUY,38.39,100,3839.0,0.57585,FILLED,
20201231,601857.SH,BUY,4.15,700,2905.0000000000005,0.43575,FILLED,
20201231,601988.SH,BUY,3.18,900,2862.0,0.42929999999999996,FILLED,
20201231,600900.SH,BUY,19.16,100,1916.0,0.2874,FILLED,
20201231,600028.SH,BUY,4.03,700,2821.0,0.42314999999999997,FILLED,
20201231,000001.SZ,BUY,19.34,100,1934.0,0.29009999999999997,FILLED,
20201231,000651.SZ,BUY,61.94,100,6194.0,0.9290999999999999,FILLED,
20201231,601012.SH,BUY,92.2,400,36880.0,5.531999999999999,FILLED,
20201231,600809.SH,BUY,375.29,100,37529.0,5.62935,FILLED,
20201231,601088.SH,BUY,18.01,200,3602.0000000000005,0.5403,FILLED,
20201231,002304.SZ,BUY,235.99,100,23599.0,3.5398499999999995,FILLED,
20201231,600030.SH,BUY,29.4,100,2940.0,0.44099999999999995,FILLED,
20201231,600104.SH,BUY,24.44,200,4888.0,0.7332,FILLED,
20210129,600036.SH,SELL,51.1,100,5110.0,0.7665,FILLED,
20210129,601166.SH,SELL,23.1,100,2310.0,0.3465,FILLED,
20210129,000001.SZ,SELL,23.09,300,6927.0,1.0390499999999998,FILLED,
20210129,002415.SZ,SELL,63.0,200,12600.0,1.89,FILLED,
20210129,600104.SH,SELL,21.94,1600,35104.0,5.265599999999999,FILLED,
20210129,600031.SH,SELL,40.46,200,8092.0,1.2138,FILLED,
20210129,601012.SH,SELL,107.55,100,10755.0,1.6132499999999999,FILLED,
20210129,002304.SZ,SELL,204.01,100,20401.0,3.0601499999999997,FILLED,
20210129,601288.SH,BUY,3.15,300,945.0,0.14175,FILLED,
20210129,601318.SH,BUY,79.08,100,7908.0,1.1862,FILLED,
20210129,601628.SH,BUY,36.15,100,3615.0,0.5422499999999999,FILLED,
20210129,601988.SH,BUY,3.17,300,951.0,0.14265,FILLED,
20210129,601857.SH,BUY,4.09,300,1227.0,0.18405,FILLED,
20210129,603288.SH,BUY,197.15,100,19715.0,2.9572499999999997,FILLED,
20210129,600028.SH,BUY,3.95,400,1580.0,0.237,FILLED,
20210129,000651.SZ,BUY,56.3,100,5630.0,0.8444999999999999,FILLED,
20210129,600000.SH,BUY,9.96,4000,39840.0,5.975999999999999,FILLED,
20210129,601088.SH,BUY,17.4,200,3479.9999999999995,0.5219999999999999,FILLED,
20210129,002594.SZ,BUY,247.0,100,24700.0,3.7049999999999996,FILLED,
20210129,600030.SH,BUY,28.35,100,2835.0,0.42524999999999996,FILLED,
20210226,601398.SH,SELL,5.37,500,2685.0,0.40274999999999994,FILLED,
20210226,601288.SH,SELL,3.26,600,1955.9999999999998,0.29339999999999994,FILLED,
20210226,601857.SH,SELL,4.36,700,3052.0,0.4578,FILLED,
20210226,601318.SH,SELL,85.18,100,8518.0,1.2776999999999998,FILLED,
20210226,601988.SH,SELL,3.24,400,1296.0,0.1944,FILLED,
20210226,600028.SH,SELL,4.51,1400,6314.0,0.9470999999999999,FILLED,
20210226,000651.SZ,SELL,59.0,100,5900.0,0.8849999999999999,FILLED,
20210226,601166.SH,SELL,24.68,100,2468.0,0.3702,FILLED,
20210226,601088.SH,SELL,17.75,100,1775.0,0.26625,FILLED,
20210226,600030.SH,SELL,27.25,1400,38150.0,5.722499999999999,FILLED,
20210226,002352.SZ,SELL,104.96,100,10496.0,1.5743999999999998,FILLED,
20210226,600809.SH,SELL,313.1,100,31310.000000000004,4.6965,FILLED,
20210226,600000.SH,SELL,10.54,300,3161.9999999999995,0.4742999999999999,FILLED,
20210226,002594.SZ,SELL,197.27,100,19727.0,2.95905,FILLED,
20210226,601628.SH,BUY,33.16,100,3315.9999999999995,0.4973999999999999,FILLED,
20210226,002415.SZ,BUY,55.56,100,5556.0,0.8333999999999999,FILLED,
20210226,000001.SZ,BUY,21.38,100,2138.0,0.3207,FILLED,
20210226,002475.SZ,BUY,46.5,100,4650.0,0.6974999999999999,FILLED,
20210226,000002.SZ,BUY,33.1,1200,39720.0,5.957999999999999,FILLED,
20210226,601601.SH,BUY,44.19,900,39771.0,5.965649999999999,FILLED,
20210226,002714.SZ,BUY,113.9,300,34170.0,5.1255,FILLED,
20210331,601398.SH,SELL,5.54,500,2770.0,0.4155,FILLED,
20210331,601288.SH,SELL,3.4,900,3060.0,0.45899999999999996,FILLED,
20210331,601857.SH,SELL,4.3,200,860.0,0.12899999999999998,FILLED,
20210331,601988.SH,SELL,3.35,900,3015.0,0.45225,FILLED,
20210331,600900.SH,SELL,21.44,300,6432.0,0.9647999999999999,FILLED,
20210331,601166.SH,SELL,24.09,100,2409.0,0.36134999999999995,FILLED,
20210331,000001.SZ,SELL,22.01,100,2201.0,0.33014999999999994,FILLED,
20210331,002415.SZ,SELL,55.9,100,5590.0,0.8384999999999999,FILLED,
20210331,601088.SH,SELL,20.1,300,6030.0,0.9045,FILLED,
20210331,002475.SZ,SELL,33.83,800,27064.0,4.0596,FILLED,
20210331,600000.SH,SELL,10.99,200,2198.0,0.3297,FILLED,
20210331,600276.SH,BUY,92.09,100,9209.0,1.3813499999999999,FILLED,
20210331,002352.SZ,BUY,81.02,100,8102.0,1.2152999999999998,FILLED,
20210331,601012.SH,BUY,88.0,100,8800.0,1.3199999999999998,FILLED,
20210331,600031.SH,BUY,34.15,200,6830.0,1.0245,FILLED,
20210331,600809.SH,BUY,332.8,100,33280.0,4.992,FILLED,
20210331,601601.SH,BUY,37.84,100,3784.0000000000005,0.5676,FILLED,
20210430,601628.SH,SELL,33.07,100,3307.0,0.49604999999999994,FILLED,
20210430,000001.SZ,SELL,23.29,100,2329.0,0.34935,FILLED,
20210430,300750.SZ,SELL,388.17,100,38817.0,5.82255,FILLED,
20210430,601012.SH,SELL,99.4,100,9940.0,1.4909999999999999,FILLED,
20210430,601601.SH,SELL,32.89,1000,32890.0,4.9334999999999996,FILLED,
20210430,600809.SH,SELL,410.25,100,41025.0,6.15375,FILLED,
20210430,601398.SH,BUY,5.13,500,2565.0,0.38475,FILLED,
20210430,601288.SH,BUY,3.2,600,1920.0,0.288,FILLED,
20210430,601318.SH,BUY,72.5,100,7250.0,1.0875,FILLED,
20210430,601857.SH,BUY,4.25,100,425.0,0.06375,FILLED,
20210430,601988.SH,BUY,3.25,300,975.0,0.14625,FILLED,
20210430,600900.SH,BUY,19.97,200,3994.0,0.5991,FILLED,
20210430,601166.SH,BUY,21.74,200,4348.0,0.6521999999999999,FILLED,
20210430,600028.SH,BUY,4.28,100,428.0,0.0642,FILLED,
20210430,600000.SH,BUY,10.05,300,3015.0,0.45225,FILLED,
20210430,002352.SZ,BUY,64.35,100,6434.999999999999,0.9652499999999998,FILLED,
20210430,000002.SZ,BUY,28.17,100,2817.0,0.42255,FILLED,
20210430,600031.SH,BUY,30.88,100,3088.0,0.46319999999999995,FILLED,
20210430,002475.SZ,BUY,36.96,1000,36960.0,5.544,FILLED,
20210531,601857.SH,SELL,4.62,600,2772.0,0.41579999999999995,FILLED,
20210531,601988.SH,SELL,3.33,100,333.0,0.049949999999999994,FILLED,
20210531,600036.SH,SELL,58.19,100,5819.0,0.8728499999999999,FILLED,
20210531,601628.SH,SELL,36.4,100,3640.0,0.5459999999999999,FILLED,
20210531,600028.SH,SELL,4.42,200,884.0,0.1326,FILLED,
20210531,601166.SH,SELL,23.11,100,2311.0,0.34664999999999996,FILLED,
20210531,600031.SH,SELL,30.29,1200,36348.0,5.4521999999999995,FILLED,
20210531,600000.SH,SELL,10.27,100,1027.0,0.15405,FILLED,
20210531,000002.SZ,SELL,26.7,1300,34710.0,5.206499999999999,FILLED,
20210531,002714.SZ,SELL,89.08,300,26724.0,4.0085999999999995,FILLED,
20210531,002475.SZ,SELL,39.0,100,3900.0,0.585,FILLED,
20210531,603259.SH,BUY,167.2,200,33440.0,5.015999999999999,FILLED,
20210531,300015.SZ,BUY,83.86,400,33544.0,5.031599999999999,FILLED,
20210531,300059.SZ,BUY,31.8,1200,38160.0,5.723999999999999,FILLED,
20210630,601398.SH,SELL,5.17,200,1034.0,0.1551,FILLED,
20210630,601857.SH,SELL,5.29,1400,7406.0,1.1109,FILLED,
20210630,600028.SH,SELL,4.36,200,872.0000000000001,0.1308,FILLED,
20210630,600900.SH,SELL,20.64,100,2064.0,0.3096,FILLED,
20210630,002415.SZ,SELL,64.5,100,6450.0,0.9674999999999999,FILLED,
20210630,002475.SZ,SELL,46.0,100,4600.0,0.69,FILLED,
20210630,300059.SZ,SELL,32.79,1200,39348.0,5.9022,FILLED,
20210630,601288.SH,BUY,3.03,400,1212.0,0.1818,FILLED,
20210630,601628.SH,BUY,33.89,100,3389.0,0.50835,FILLED,
20210630,601988.SH,BUY,3.08,500,1540.0,0.23099999999999998,FILLED,
20210630,000333.SZ,BUY,71.37,100,7137.0,1.07055,FILLED,
20210630,601012.SH,BUY,88.84,100,8884.0,1.3325999999999998,FILLED,
20210630,600276.SH,BUY,67.97,100,6797.0,1.01955,FILLED,
20210630,601166.SH,BUY,20.55,200,4110.0,0.6164999999999999,FILLED,
20210630,300015.SZ,BUY,70.98,100,7098.0,1.0647,FILLED,
20210630,000651.SZ,BUY,52.1,100,5210.0,0.7815,FILLED,
20210630,002594.SZ,BUY,251.0,100,25100.0,3.7649999999999997,FILLED,
20210730,601288.SH,SELL,2.93,900,2637.0,0.39554999999999996,FILLED,
20210730,601988.SH,SELL,2.99,900,2691.0,0.40364999999999995,FILLED,
20210730,600028.SH,SELL,3.99,100,399.0,0.059849999999999993,FILLED,
20210730,600900.SH,SELL,19.0,100,1900.0,0.285,FILLED,
20210730,000568.SZ,SELL,171.1,100,17110.0,2.5664999999999996,FILLED,
20210730,601012.SH,SELL,85.92,100,8592.0,1.2888,FILLED,
20210730,002475.SZ,SELL,36.98,800,29583.999999999996,4.437599999999999,FILLED,
20210730,601398.SH,BUY,4.59,100,459.0,0.06885,FILLED,
20210730,600036.SH,BUY,46.5,100,4650.0,0.6974999999999999,FILLED,
20210730,601857.SH,BUY,4.68,100,468.0,0.0702,FILLED,
20210730,601318.SH,BUY,53.67,100,5367.0,0.8050499999999999,FILLED,
20210730,601633.SH,BUY,60.71,500,30355.0,4.553249999999999,FILLED,
20210730,600809.SH,BUY,286.0,100,28600.0,4.29,FILLED,
20210730,601166.SH,BUY,17.67,100,1767.0000000000002,0.26505,FILLED,
20210730,600276.SH,BUY,54.38,100,5438.0,0.8157,FILLED,
20210730,000001.SZ,BUY,17.69,200,3538.0000000000005,0.5307000000000001,FILLED,
20210730,300059.SZ,BUY,31.05,1000,31050.0,4.6575,FILLED,
20210831,601398.SH,SELL,4.62,200,924.0,0.1386,FILLED,
20210831,601288.SH,SELL,2.96,300,888.0,0.13319999999999999,FILLED,
20210831,601857.SH,SELL,4.94,500,2470.0,0.37049999999999994,FILLED,
20210831,601988.SH,SELL,3.03,300,908.9999999999999,0.13634999999999997,FILLED,
20210831,600036.SH,SELL,48.96,100,4896.0,0.7343999999999999,FILLED,
20210831,600028.SH,SELL,4.26,700,2982.0,0.4473,FILLED,
20210831,000651.SZ,SELL,41.1,700,28770.0,4.315499999999999,FILLED,
20210831,601166.SH,SELL,18.5,200,3700.0,0.5549999999999999,FILLED,
20210831,601088.SH,SELL,20.0,300,6000.0,0.8999999999999999,FILLED,
20210831,600000.SH,SELL,9.05,100,905.0000000000001,0.13575,FILLED,
20210831,300015.SZ,SELL,42.2,500,21100.0,3.1649999999999996,FILLED,
20210831,002415.SZ,BUY,51.4,100,5140.0,0.7709999999999999,FILLED,
20210831,603288.SH,BUY,94.98,100,9498.0,1.4246999999999999,FILLED,
20210831,600276.SH,BUY,45.2,100,4520.0,0.6779999999999999,FILLED,
20210831,600438.SH,BUY,61.0,500,30500.0,4.574999999999999,FILLED,
20210831,600030.SH,BUY,25.68,1200,30816.0,4.6224,FILLED,
20210930,601857.SH,SELL,6.01,1000,6010.0,0.9015,FILLED,
20210930,600028.SH,SELL,4.46,100,446.0,0.06689999999999999,FILLED,
20210930,600276.SH,SELL,50.23,100,5023.0,0.75345,FILLED,
20210930,600900.SH,SELL,22.0,200,4400.0,0.6599999999999999,FILLED,
20210930,000333.SZ,SELL,69.6,100,6959.999999999999,1.0439999999999998,FILLED,
20210930,601088.SH,SELL,22.66,100,2266.0,0.3399,FILLED,
20210930,300059.SZ,SELL,34.37,100,3436.9999999999995,0.5155499999999998,FILLED,
20210930,600438.SH,SELL,50.94,500,25470.0,3.8204999999999996,FILLED,
20210930,600030.SH,SELL,25.28,1200,30336.0,4.5504,FILLED,
20210930,601398.SH,BUY,4.66,200,932.0,0.13979999999999998,FILLED,
20210930,601288.SH,BUY,2.94,500,1470.0,0.22049999999999997,FILLED,
20210930,601988.SH,BUY,3.05,300,915.0,0.13724999999999998,FILLED,
20210930,601318.SH,BUY,48.36,100,4836.0,0.7253999999999999,FILLED,
20210930,601012.SH,BUY,82.48,100,8248.0,1.2371999999999999,FILLED,
20210930,601166.SH,BUY,18.3,100,1830.0,0.27449999999999997,FILLED,
20210930,000001.SZ,BUY,17.93,100,1793.0,0.26894999999999997,FILLED,
20210930,000568.SZ,BUY,221.58,100,22158.0,3.3236999999999997,FILLED,
20210930,601633.SH,BUY,52.6,100,5260.0,0.7889999999999999,FILLED,
20210930,600000.SH,BUY,9.0,100,900.0,0.13499999999999998,FILLED,
20210930,002475.SZ,BUY,35.71,900,32139.0,4.820849999999999,FILLED,
20211029,000001.SZ,SELL,19.5,200,3900.0,0.585,FILLED,
20211029,603288.SH,SELL,117.02,100,11702.0,1.7552999999999999,FILLED,
20211029,601012.SH,SELL,97.69,100,9769.0,1.46535,FILLED,
20211029,600000.SH,SELL,8.94,3700,33078.0,4.9616999999999996,FILLED,
20211029,601633.SH,SELL,68.0,100,6800.0,1.02,FILLED,
20211029,002475.SZ,SELL,38.64,100,3864.0,0.5796,FILLED,
20211029,601398.SH,BUY,4.67,100,467.0,0.07004999999999999,FILLED,
20211029,601857.SH,BUY,5.48,700,3836.0000000000005,0.5754,FILLED,
20211029,601288.SH,BUY,2.94,200,588.0,0.08819999999999999,FILLED,
20211029,601988.SH,BUY,3.05,100,305.0,0.04575,FILLED,
20211029,600900.SH,BUY,21.25,100,2125.0,0.31875,FILLED,
20211029,000333.SZ,BUY,68.77,100,6877.0,1.03155,FILLED,
20211029,600028.SH,BUY,4.25,500,2125.0,0.31875,FILLED,
20211029,601088.SH,BUY,19.89,200,3978.0,0.5966999999999999,FILLED,
20211029,600276.SH,BUY,49.24,100,4924.0,0.7385999999999999,FILLED,
20211029,300059.SZ,BUY,32.9,100,3290.0,0.49349999999999994,FILLED,
20211130,601398.SH,SELL,4.58,300,1374.0,0.20609999999999998,FILLED,
20211130,601288.SH,SELL,2.91,700,2037.0,0.30555,FILLED,
20211130,601318.SH,SELL,48.22,100,4822.0,0.7232999999999999,FILLED,
20211130,601988.SH,SELL,3.05,700,2135.0,0.32025,FILLED,
20211130,600028.SH,SELL,4.04,100,404.0,0.060599999999999994,FILLED,
20211130,600276.SH,SELL,50.17,100,5017.0,0.7525499999999999,FILLED,
20211130,000333.SZ,SELL,67.78,100,6778.0,1.0167,FILLED,
20211130,601088.SH,SELL,19.54,100,1954.0,0.29309999999999997,FILLED,
20211130,300059.SZ,SELL,34.64,100,3464.0,0.5196,FILLED,
20211130,601857.SH,BUY,4.71,600,2826.0,0.42389999999999994,FILLED,
20211130,000001.SZ,BUY,17.44,100,1744.0000000000002,0.2616,FILLED,
20211231,600900.SH,SELL,22.7,100,2270.0,0.34049999999999997,FILLED,
20211231,601088.SH,SELL,22.52,100,2252.0,0.3378,FILLED,
20211231,002352.SZ,SELL,68.92,100,6892.0,1.0337999999999998,FILLED,
20211231,002475.SZ,SELL,49.2,200,9840.0,1.476,FILLED,
20211231,601398.SH,BUY,4.63,300,1389.0,0.20834999999999998,FILLED,
20211231,600036.SH,BUY,48.71,100,4871.0,0.7306499999999999,FILLED,
20211231,601288.SH,BUY,2.94,500,1470.0,0.22049999999999997,FILLED,
20211231,601988.SH,BUY,3.05,600,1830.0,0.27449999999999997,FILLED,
20211231,603288.SH,BUY,105.11,100,10511.0,1.5766499999999999,FILLED,
20211231,600028.SH,BUY,4.23,100,423.00000000000006,0.06345,FILLED,
20211231,000001.SZ,BUY,16.48,200,3296.0,0.49439999999999995,FILLED,
20211231,601633.SH,BUY,48.54,200,9708.0,1.4562,FILLED,
20220128,601398.SH,SELL,4.66,400,1864.0,0.27959999999999996,FILLED,
20220128,601288.SH,SELL,2.96,600,1776.0,0.26639999999999997,FILLED,
20220128,601857.SH,SELL,5.02,400,2007.9999999999998,0.3011999999999999,FILLED,
20220128,601988.SH,SELL,3.09,700,2163.0,0.32444999999999996,FILLED,
20220128,600036.SH,SELL,49.21,100,4921.0,0.73815,FILLED,
20220128,600028.SH,SELL,4.19,400,1676.0000000000002,0.2514,FILLED,
20220128,600900.SH,SELL,21.92,100,2192.0,0.3288,FILLED,
20220128,601166.SH,SELL,20.88,300,6264.0,0.9395999999999999,FILLED,
20220128,601088.SH,SELL,22.54,100,2254.0,0.33809999999999996,FILLED,
20220128,601633.SH,SELL,39.96,700,27972.0,4.195799999999999,FILLED,
20220128,300760.SZ,BUY,323.28,100,32327.999999999996,4.849199999999999,FILLED,
20220128,601012.SH,BUY,70.11,100,7011.0,1.05165,FILLED,
20220128,002352.SZ,BUY,63.35,100,6335.0,0.9502499999999999,FILLED,
20220128,300059.SZ,BUY,31.36,100,3136.0,0.4704,FILLED,
20220128,603259.SH,BUY,104.8,100,10480.0,1.5719999999999998,FILLED,
20220128,600276.SH,BUY,40.95,100,4095.0000000000005,0.61425,FILLED,
20220128,002142.SZ,BUY,39.09,800,31272.000000000004,4.6908,FILLED,
20220228,601857.SH,SELL,5.77,800,4616.0,0.6923999999999999,FILLED,
20220228,600028.SH,SELL,4.33,100,433.0,0.06495,FILLED,
20220228,601166.SH,SELL,22.07,100,2207.0,0.33104999999999996,FILLED,
20220228,601088.SH,SELL,25.24,100,2524.0,0.3786,FILLED,
20220228,300059.SZ,SELL,26.74,1000,26740.0,4.010999999999999,FILLED,
20220228,601988.SH,BUY,3.1,100,310.0,0.04649999999999999,FILLED,
20220228,002475.SZ,BUY,43.43,100,4343.0,0.65145,FILLED,
20220228,600030.SH,BUY,23.33,1400,32661.999999999996,4.899299999999999,FILLED,
20220228,600276.SH,BUY,40.08,100,4008.0,0.6012,FILLED,
20220331,601398.SH,SELL,4.77,500,2385.0,0.35774999999999996,FILLED,
20220331,601288.SH,SELL,3.08,900,2772.0,0.41579999999999995,FILLED,
20220331,601857.SH,SELL,5.52,100,552.0,0.0828,FILLED,
20220331,601988.SH,SELL,3.27,1100,3597.0,0.53955,FILLED,
20220331,600028.SH,SELL,4.32,400,1728.0,0.2592,FILLED,
20220331,601088.SH,SELL,29.77,300,8931.0,1.3396499999999998,FILLED,
20220331,002352.SZ,SELL,45.7,500,22850.0,3.4274999999999998,FILLED,
20220331,603259.SH,SELL,112.38,100,11238.0,1.6856999999999998,FILLED,
20220331,002475.SZ,SELL,31.7,700,22190.0,3.3284999999999996,FILLED,
20220331,000858.SZ,BUY,155.06,100,15506.0,2.3259,FILLED,
20220331,601166.SH,BUY,20.67,100,2067.0,0.31005,FILLED,
20220331,000333.SZ,BUY,57.0,100,5700.0,0.8549999999999999,FILLED,
20220331,002415.SZ,BUY,41.0,100,4100.0,0.615,FILLED,
20220331,600309.SH,BUY,80.89,300,24267.0,3.6400499999999996,FILLED,
20220331,600000.SH,BUY,8.0,3900,31200.0,4.68,FILLED,
20220429,601398.SH,SELL,4.78,100,478.0,0.0717,FILLED,
20220429,601288.SH,SELL,3.06,100,306.0,0.045899999999999996,FILLED,
20220429,000858.SZ,SELL,162.13,100,16213.0,2.4319499999999996,FILLED,
20220429,600028.SH,SELL,4.34,100,434.0,0.06509999999999999,FILLED,
20220429,600276.SH,SELL,29.48,800,23584.0,3.5376,FILLED,
20220429,600900.SH,SELL,22.72,100,2272.0,0.3408,FILLED,
20220429,300760.SZ,SELL,312.5,100,31250.0,4.6875,FILLED,
20220429,600030.SH,SELL,19.69,1400,27566.0,4.1349,FILLED,
20220429,600000.SH,SELL,8.03,100,802.9999999999999,0.12044999999999997,FILLED,
20220429,601857.SH,BUY,5.38,100,538.0,0.0807,FILLED,
20220429,600036.SH,BUY,39.93,100,3993.0,0.59895,FILLED,
20220429,601628.SH,BUY,25.45,100,2545.0,0.38175,FILLED,
20220429,601668.SH,BUY,6.28,4900,30772.0,4.615799999999999,FILLED,
20220429,300059.SZ,BUY,22.78,1300,29614.0,4.4421,FILLED,
20220531,601857.SH,SELL,5.66,300,1698.0,0.2547,FILLED,
20220531,600028.SH,SELL,4.46,300,1338.0,0.2007,FILLED,
20220531,600900.SH,SELL,24.02,100,2402.0,0.36029999999999995,FILLED,
20220531,601088.SH,SELL,33.96,100,3396.0,0.5094,FILLED,
20220531,601012.SH,SELL,79.2,100,7920.0,1.188,FILLED,
20220531,002142.SZ,SELL,32.75,800,26200.0,3.9299999999999997,FILLED,
20220531,601668.SH,SELL,5.51,4900,26999.0,4.049849999999999,FILLED,
20220531,601398.SH,BUY,4.66,100,466.0,0.06989999999999999,FILLED,
20220531,601288.SH,BUY,3.03,100,303.0,0.04545,FILLED,
20220531,601988.SH,BUY,3.19,100,319.0,0.04785,FILLED,
20220531,300760.SZ,BUY,302.5,100,30250.0,4.5375,FILLED,
20220531,603288.SH,BUY,76.64,100,7664.0,1.1496,FILLED,
20220531,002415.SZ,BUY,33.4,200,6680.0,1.002,FILLED,
20220531,000001.SZ,BUY,14.16,100,1416.0,0.21239999999999998,FILLED,
20220531,002352.SZ,BUY,51.9,500,25950.0,3.8924999999999996,FILLED,
20220531,603259.SH,BUY,95.31,100,9531.0,1.4296499999999999,FILLED,
20220531,002475.SZ,BUY,33.81,900,30429.000000000004,4.56435,FILLED,
20220630,601628.SH,SELL,31.08,200,6216.0,0.9323999999999999,FILLED,
20220630,002415.SZ,SELL,36.2,100,3620.0000000000005,0.543,FILLED,
20220630,603288.SH,SELL,90.36,100,9036.0,1.3554,FILLED,
20220630,002594.SZ,SELL,333.49,100,33349.0,5.00235,FILLED,
20220630,600809.SH,SELL,324.8,100,32480.0,4.872,FILLED,
20220630,600000.SH,SELL,8.01,3800,30438.0,4.5657,FILLED,
20220630,300059.SZ,SELL,25.4,100,2540.0,0.38099999999999995,FILLED,
20220630,002475.SZ,SELL,33.79,900,30411.0,4.561649999999999,FILLED,
20220630,601398.SH,BUY,4.77,200,953.9999999999999,0.14309999999999998,FILLED,
20220630,601288.SH,BUY,3.02,600,1812.0,0.2718,FILLED,
20220630,601857.SH,BUY,5.3,700,3710.0,0.5565,FILLED,
20220630,601988.SH,BUY,3.26,300,977.9999999999999,0.14669999999999997,FILLED,
20220630,600900.SH,BUY,23.12,100,2312.0,0.3468,FILLED,
20220630,601012.SH,BUY,66.63,100,6663.0,0.99945,FILLED,
20220630,601166.SH,BUY,19.9,100,1989.9999999999998,0.29849999999999993,FILLED,
20220630,600028.SH,BUY,4.08,1100,4488.0,0.6731999999999999,FILLED,
20220630,600438.SH,BUY,59.86,500,29930.0,4.4895,FILLED,
20220630,600030.SH,BUY,21.66,1400,30324.0,4.5485999999999995,FILLED,
20220729,601288.SH,SELL,2.85,200,570.0,0.08549999999999999,FILLED,
20220729,601857.SH,SELL,5.2,400,2080.0,0.312,FILLED,
20220729,601988.SH,SELL,3.06,100,306.0,0.045899999999999996,FILLED,
20220729,600028.SH,SELL,4.11,600,2466.0,0.36989999999999995,FILLED,
20220729,600900.SH,SELL,23.88,100,2388.0,0.35819999999999996,FILLED,
20220729,600030.SH,SELL,19.6,1400,27440.000000000004,4.1160000000000005,FILLED,
20220729,601398.SH,BUY,4.38,100,438.0,0.0657,FILLED,
20220729,600036.SH,BUY,35.07,100,3507.0,0.5260499999999999,FILLED,
20220729,601088.SH,BUY,28.1,100,2810.0,0.4215,FILLED,
20220729,601318.SH,BUY,42.12,100,4212.0,0.6317999999999999,FILLED,
20220729,600809.SH,BUY,274.17,100,27417.0,4.11255,FILLED,
20220729,002415.SZ,BUY,31.94,100,3194.0,0.47909999999999997,FILLED,
20220729,300059.SZ,BUY,22.25,100,2225.0,0.33375,FILLED,
20220729,000001.SZ,BUY,12.68,200,2536.0,0.38039999999999996,FILLED,
20220729,002352.SZ,BUY,49.84,100,4984.0,0.7475999999999999,FILLED,
20220729,002475.SZ,BUY,33.95,800,27160.000000000004,4.074,FILLED,
20220831,601857.SH,SELL,5.34,100,534.0,0.08009999999999999,FILLED,
20220831,601318.SH,SELL,43.84,100,4384.0,0.6576,FILLED,
20220831,601628.SH,SELL,30.7,100,3070.0,0.46049999999999996,FILLED,
20220831,600028.SH,SELL,4.27,300,1280.9999999999998,0.19214999999999996,FILLED,
20220831,601088.SH,SELL,30.34,100,3034.0,0.45509999999999995,FILLED,
20220831,603259.SH,SELL,89.65,300,26895.0,4.034249999999999,FILLED,
20220831,601988.SH,BUY,3.04,100,304.0,0.045599999999999995,FILLED,
20220831,601012.SH,BUY,51.2,100,5120.0,0.7679999999999999,FILLED,
20220831,601166.SH,BUY,17.11,100,1711.0,0.25665,FILLED,
20220831,002594.SZ,BUY,287.98,100,28798.0,4.319699999999999,FILLED,
20220831,002415.SZ,BUY,29.87,100,2987.0,0.44804999999999995,FILLED,
20220831,002304.SZ,BUY,164.46,100,16446.0,2.4669,FILLED,
20220930,601398.SH,SELL,4.35,100,434.99999999999994,0.06524999999999999,FILLED,
20220930,601288.SH,SELL,2.86,300,858.0,0.12869999999999998,FILLED,
20220930,601988.SH,SELL,3.09,500,1545.0,0.23174999999999998,FILLED,
20220930,600028.SH,SELL,4.29,200,858.0,0.12869999999999998,FILLED,
20220930,002415.SZ,SELL,30.42,100,3042.0,0.4563,FILLED,
20220930,300059.SZ,SELL,17.62,1300,22906.0,3.4358999999999997,FILLED,
20220930,300760.SZ,SELL,299.0,100,29900.0,4.484999999999999,FILLED,
20220930,600438.SH,SELL,46.96,500,23480.0,3.522,FILLED,
20220930,600809.SH,SELL,302.89,100,30289.0,4.543349999999999,FILLED,
20220930,002475.SZ,SELL,29.4,800,23520.0,3.5279999999999996,FILLED,
20220930,601857.SH,BUY,5.13,100,513.0,0.07694999999999999,FILLED,
20220930,601318.SH,BUY,41.58,100,4158.0,0.6236999999999999,FILLED,
20220930,601012.SH,BUY,47.91,100,4791.0,0.7186499999999999,FILLED,
20220930,000001.SZ,BUY,11.84,100,1184.0,0.17759999999999998,FILLED,
20220930,600276.SH,BUY,35.1,800,28080.0,4.212,FILLED,
20220930,601225.SH,BUY,22.77,1200,27324.0,4.098599999999999,FILLED,
20220930,600048.SH,BUY,18.0,1600,28800.0,4.319999999999999,FILLED,
20221031,601398.SH,SELL,4.15,300,1245.0,0.18674999999999997,FILLED,
20221031,601288.SH,SELL,2.76,500,1380.0,0.207,FILLED,
20221031,601857.SH,SELL,4.79,100,479.0,0.07185,FILLED,
20221031,601988.SH,SELL,3.01,500,1505.0,0.22574999999999998,FILLED,
20221031,600028.SH,SELL,4.07,300,1221.0,0.18314999999999998,FILLED,
20221031,601012.SH,SELL,47.98,100,4798.0,0.7196999999999999,FILLED,
20221031,002352.SZ,SELL,48.26,100,4826.0,0.7239,FILLED,
20221031,600276.SH,SELL,40.2,200,8040.000000000001,1.206,FILLED,
20221031,601225.SH,SELL,19.86,1200,23832.0,3.5747999999999998,FILLED,
20221031,600048.SH,SELL,13.8,1600,22080.0,3.312,FILLED,
20221031,601628.SH,BUY,26.6,100,2660.0,0.39899999999999997,FILLED,
20221031,600036.SH,BUY,26.82,200,5364.0,0.8046,FILLED,
20221031,000858.SZ,BUY,133.5,100,13350.0,2.0025,FILLED,
20221031,600900.SH,BUY,20.26,100,2026.0000000000002,0.3039,FILLED,
20221031,600809.SH,BUY,232.38,100,23238.0,3.4856999999999996,FILLED,
20221031,603288.SH,BUY,59.68,100,5968.0,0.8951999999999999,FILLED,
20221031,000333.SZ,BUY,40.18,100,4018.0,0.6026999999999999,FILLED,
20221031,002475.SZ,BUY,28.5,900,25650.0,3.8474999999999997,FILLED,
20221031,000001.SZ,BUY,10.34,100,1034.0,0.1551,FILLED,
20221031,002304.SZ,BUY,130.65,100,13065.0,1.9597499999999999,FILLED,
20221031,600438.SH,BUY,43.5,600,26100.0,3.9149999999999996,FILLED,
20221130,601318.SH,SELL,44.95,100,4495.0,0.6742499999999999,FILLED,
20221130,600036.SH,SELL,34.96,200,6992.0,1.0488,FILLED,
20221130,601628.SH,SELL,36.15,200,7230.0,1.0844999999999998,FILLED,
20221130,000858.SZ,SELL,156.86,100,15686.000000000002,2.3529,FILLED,
20221130,601166.SH,SELL,17.7,100,1770.0,0.26549999999999996,FILLED,
20221130,000001.SZ,SELL,13.03,300,3909.0,0.5863499999999999,FILLED,
20221130,002304.SZ,SELL,141.38,200,28276.0,4.2414,FILLED,
20221130,600438.SH,SELL,43.32,600,25992.0,3.8987999999999996,FILLED,
20221130,601398.SH,BUY,4.3,400,1720.0,0.25799999999999995,FILLED,
20221130,601288.SH,BUY,2.88,500,1440.0,0.21599999999999997,FILLED,
20221130,601988.SH,BUY,3.15,400,1260.0,0.18899999999999997,FILLED,
20221130,601012.SH,BUY,45.78,100,4578.0,0.6867,FILLED,
20221130,600276.SH,BUY,39.83,100,3983.0,0.5974499999999999,FILLED,
20221130,601668.SH,BUY,5.88,5000,29400.0,4.409999999999999,FILLED,
20221130,600030.SH,BUY,19.82,1400,27748.0,4.1621999999999995,FILLED,
20221230,000333.SZ,SELL,51.8,100,5180.0,0.7769999999999999,FILLED,
20221230,002415.SZ,SELL,34.68,100,3468.0,0.5202,FILLED,
20221230,603288.SH,SELL,79.6,100,7959.999999999999,1.1939999999999997,FILLED,
20221230,601668.SH,SELL,5.43,5000,27150.0,4.0725,FILLED,
20221230,601398.SH,BUY,4.34,100,434.0,0.06509999999999999,FILLED,
20221230,601288.SH,BUY,2.91,100,291.0,0.043649999999999994,FILLED,
20221230,601857.SH,BUY,4.97,400,1988.0,0.29819999999999997,FILLED,
20221230,601988.SH,BUY,3.16,200,632.0,0.0948,FILLED,
20221230,600900.SH,BUY,21.0,100,2100.0,0.31499999999999995,FILLED,
20221230,601088.SH,BUY,27.62,100,2762.0,0.41429999999999995,FILLED,
20221230,600028.SH,BUY,4.36,400,1744.0000000000002,0.2616,FILLED,
20221230,601166.SH,BUY,17.59,100,1759.0,0.26385,FILLED,
20221230,601012.SH,BUY,42.26,100,4226.0,0.6338999999999999,FILLED,
20221230,002304.SZ,BUY,160.5,100,16050.0,2.4074999999999998,FILLED,
20221230,600030.SH,BUY,19.91,100,1991.0,0.29864999999999997,FILLED,
20230131,600036.SH,SELL,41.21,100,4121.0,0.61815,FILLED,
20230131,000001.SZ,SELL,14.99,200,2998.0,0.44969999999999993,FILLED,
20230131,601012.SH,SELL,48.15,100,4815.0,0.72225,FILLED,
20230131,002475.SZ,SELL,32.48,900,29231.999999999996,4.384799999999999,FILLED,
20230131,600030.SH,SELL,21.41,100,2141.0,0.32115,FILLED,
20230131,601398.SH,BUY,4.32,300,1296.0,0.1944,FILLED,
20230131,601288.SH,BUY,2.91,400,1164.0,0.17459999999999998,FILLED,
20230131,601628.SH,BUY,34.04,100,3404.0,0.5105999999999999,FILLED,
20230131,601988.SH,BUY,3.22,200,644.0,0.09659999999999999,FILLED,
20230131,600900.SH,BUY,20.79,100,2079.0,0.31184999999999996,FILLED,
20230131,601088.SH,BUY,28.39,100,2839.0,0.42584999999999995,FILLED,
20230131,300059.SZ,BUY,22.49,1300,29236.999999999996,4.385549999999999,FILLED,
20230228,601398.SH,SELL,4.3,100,430.0,0.06449999999999999,FILLED,
20230228,601288.SH,SELL,2.93,200,586.0,0.08789999999999999,FILLED,
20230228,601857.SH,SELL,5.23,200,1046.0,0.15689999999999998,FILLED,
20230228,601988.SH,SELL,3.23,200,646.0,0.09689999999999999,FILLED,
20230228,601628.SH,SELL,35.77,100,3577.0000000000005,0.53655,FILLED,
20230228,600028.SH,SELL,4.66,300,1398.0,0.20969999999999997,FILLED,
20230228,600900.SH,SELL,21.16,100,2116.0,0.31739999999999996,FILLED,
20230228,600309.SH,SELL,104.26,100,10426.0,1.5638999999999998,FILLED,
20230228,300059.SZ,SELL,20.92,1300,27196.000000000004,4.079400000000001,FILLED,
20230228,600036.SH,BUY,37.31,100,3731.0,0.55965,FILLED,
20230228,601166.SH,BUY,16.91,100,1691.0,0.25365,FILLED,
20230228,000001.SZ,BUY,13.78,200,2756.0,0.4134,FILLED,
20230228,601816.SH,BUY,4.95,6200,30690.0,4.6034999999999995,FILLED,
20230331,601398.SH,SELL,4.46,200,892.0,0.13379999999999997,FILLED,
20230331,601288.SH,SELL,3.11,600,1866.0,0.2799,FILLED,
20230331,601857.SH,SELL,5.92,600,3552.0,0.5327999999999999,FILLED,
20230331,601988.SH,SELL,3.38,400,1352.0,0.20279999999999998,FILLED,
20230331,600028.SH,SELL,5.62,1100,6182.0,0.9272999999999999,FILLED,
20230331,000001.SZ,SELL,12.53,2200,27566.0,4.1349,FILLED,
20230331,002415.SZ,SELL,42.66,100,4266.0,0.6398999999999999,FILLED,
20230331,601088.SH,SELL,28.17,100,2817.0,0.42255,FILLED,
20230331,600030.SH,SELL,20.48,1400,28672.0,4.3008,FILLED,
20230331,601816.SH,SELL,5.22,300,1566.0,0.23489999999999997,FILLED,
20230331,600036.SH,BUY,34.27,100,3427.0000000000005,0.51405,FILLED,
20230331,601628.SH,BUY,33.29,100,3329.0,0.49934999999999996,FILLED,
20230331,603288.SH,BUY,76.54,100,7654.000000000001,1.1481000000000001,FILLED,
20230331,601138.SH,BUY,17.22,1700,29273.999999999996,4.391099999999999,FILLED,
20230331,601012.SH,BUY,40.41,100,4040.9999999999995,0.6061499999999999,FILLED,
20230331,600309.SH,BUY,95.88,100,9588.0,1.4382,FILLED,
20230331,601899.SH,BUY,12.39,2400,29736.0,4.4604,FILLED,
20230428,601398.SH,SELL,4.72,300,1416.0,0.21239999999999998,FILLED,
20230428,601288.SH,SELL,3.42,700,2394.0,0.3591,FILLED,
20230428,601857.SH,SELL,7.89,1300,10257.0,1.5385499999999999,FILLED,
20230428,601988.SH,SELL,3.67,600,2202.0,0.3303,FILLED,
20230428,601628.SH,SELL,39.0,100,3900.0,0.585,FILLED,
20230428,600028.SH,SELL,6.71,900,6039.0,0.9058499999999999,FILLED,
20230428,600276.SH,SELL,48.65,100,4865.0,0.7297499999999999,FILLED,
20230428,002304.SZ,SELL,149.7,100,14969.999999999998,2.2454999999999994,FILLED,
20230428,601816.SH,SELL,5.43,100,543.0,0.08145,FILLED,
20230428,300750.SZ,BUY,230.85,100,23085.0,3.4627499999999998,FILLED,
20230428,300760.SZ,BUY,311.9,100,31189.999999999996,4.678499999999999,FILLED,
20230428,002415.SZ,BUY,37.75,100,3775.0,0.5662499999999999,FILLED,
20230428,601138.SH,BUY,16.12,200,3224.0,0.4836,FILLED,
20230428,601668.SH,BUY,6.57,4700,30879.0,4.63185,FILLED,
20230428,601012.SH,BUY,34.87,200,6973.999999999999,1.0460999999999998,FILLED,
20230531,601398.SH,SELL,4.83,400,1932.0,0.2898,FILLED,
20230531,601288.SH,SELL,3.52,700,2464.0,0.3696,FILLED,
20230531,601988.SH,SELL,3.9,900,3510.0,0.5265,FILLED,
20230531,600900.SH,SELL,22.51,100,2251.0,0.33764999999999995,FILLED,
20230531,601012.SH,SELL,28.82,900,25938.0,3.8907,FILLED,
20230531,601816.SH,SELL,5.77,600,3461.9999999999995,0.5192999999999999,FILLED,
20230531,601138.SH,SELL,18.05,300,5415.0,0.8122499999999999,FILLED,
20230531,601899.SH,SELL,10.69,2400,25656.0,3.8484,FILLED,
20230531,300760.SZ,SELL,300.58,100,30058.0,4.508699999999999,FILLED,
20230531,601857.SH,BUY,7.5,100,750.0,0.11249999999999999,FILLED,
20230531,600028.SH,BUY,6.36,100,636.0,0.09539999999999998,FILLED,
20230531,601668.SH,BUY,5.9,300,1770.0,0.26549999999999996,FILLED,
20230531,601888.SH,BUY,123.1,100,12310.0,1.8464999999999998,FILLED,
20230531,601328.SH,BUY,5.85,5100,29835.0,4.47525,FILLED,
20230531,002352.SZ,BUY,47.33,100,4733.0,0.70995,FILLED,
20230531,600030.SH,BUY,20.05,1400,28070.0,4.2105,FILLED,
20230630,601088.SH,SELL,30.75,100,3075.0,0.46124999999999994,FILLED,
20230630,601888.SH,SELL,110.53,200,22106.0,3.3158999999999996,FILLED,
20230630,002352.SZ,SELL,45.09,600,27054.000000000004,4.0581000000000005,FILLED,
20230630,601138.SH,SELL,25.2,500,12600.0,1.89,FILLED,
20230630,600030.SH,SELL,19.78,1400,27692.0,4.1537999999999995,FILLED,
20230630,300760.SZ,BUY,299.8,100,29980.0,4.497,FILLED,
20230630,601658.SH,BUY,4.89,6100,29828.999999999996,4.474349999999999,FILLED,
20230630,601166.SH,BUY,15.65,100,1565.0,0.23475,FILLED,
20230630,002415.SZ,BUY,33.11,100,3311.0,0.49665,FILLED,
20230630,603288.SH,BUY,46.85,200,9370.0,1.4055,FILLED,
20230630,601816.SH,BUY,5.26,500,2630.0,0.39449999999999996,FILLED,
20230630,601668.SH,BUY,5.74,200,1148.0,0.1722,FILLED,
20230630,601899.SH,BUY,11.37,2600,29561.999999999996,4.4342999999999995,FILLED,
20230630,002475.SZ,BUY,32.45,900,29205.000000000004,4.38075,FILLED,
20230731,601857.SH,SELL,7.92,100,792.0,0.11879999999999999,FILLED,
20230731,601318.SH,SELL,52.6,100,5260.0,0.7889999999999999,FILLED,
20230731,600036.SH,SELL,35.56,100,3556.0,0.5334,FILLED,
20230731,601166.SH,SELL,16.66,100,1666.0,0.24989999999999998,FILLED,
20230731,002415.SZ,SELL,36.32,100,3632.0,0.5448,FILLED,
20230731,601816.SH,SELL,5.47,100,547.0,0.08205,FILLED,
20230731,601668.SH,SELL,6.11,200,1222.0,0.1833,FILLED,
20230731,601328.SH,SELL,5.82,5100,29682.0,4.452299999999999,FILLED,
20230731,601658.SH,SELL,5.19,200,1038.0,0.15569999999999998,FILLED,
20230731,601899.SH,SELL,13.01,300,3903.0,0.5854499999999999,FILLED,
20230731,002475.SZ,SELL,32.32,900,29088.0,4.3632,FILLED,
20230731,601398.SH,BUY,4.77,300,1430.9999999999998,0.21464999999999995,FILLED,
20230731,601988.SH,BUY,3.91,300,1173.0,0.17595,FILLED,
20230731,600028.SH,BUY,6.2,300,1860.0,0.27899999999999997,FILLED,
20230731,600900.SH,BUY,21.46,100,2146.0,0.32189999999999996,FILLED,
20230731,601088.SH,BUY,28.38,100,2838.0,0.42569999999999997,FILLED,
20230731,601138.SH,BUY,22.33,200,4466.0,0.6698999999999999,FILLED,
20230731,600030.SH,BUY,24.1,1200,28920.0,4.337999999999999,FILLED,
20230731,601888.SH,BUY,125.77,200,25154.0,3.7730999999999995,FILLED,
20230831,601398.SH,SELL,4.62,100,462.0,0.0693,FILLED,
20230831,601857.SH,SELL,7.75,100,775.0,0.11624999999999999,FILLED,
20230831,601988.SH,SELL,3.75,100,375.0,0.056249999999999994,FILLED,
20230831,600028.SH,SELL,6.07,200,1214.0,0.18209999999999998,FILLED,
20230831,600900.SH,SELL,22.06,100,2206.0,0.33089999999999997,FILLED,
20230831,603288.SH,SELL,39.1,600,23460.0,3.5189999999999997,FILLED,
20230831,601888.SH,SELL,108.92,200,21784.0,3.2676,FILLED,
20230831,600036.SH,BUY,31.55,100,3155.0,0.47324999999999995,FILLED,
20230831,601318.SH,BUY,48.79,100,4879.0,0.7318499999999999,FILLED,
20230831,601658.SH,BUY,4.86,100,486.00000000000006,0.0729,FILLED,
20230831,600276.SH,BUY,41.78,100,4178.0,0.6266999999999999,FILLED,
20230831,600030.SH,BUY,22.2,100,2220.0,0.33299999999999996,FILLED,
20230831,601816.SH,BUY,5.1,200,1019.9999999999999,0.15299999999999997,FILLED,
20230831,002475.SZ,BUY,33.0,800,26400.0,3.9599999999999995,FILLED,
20230831,601668.SH,BUY,5.63,200,1126.0,0.1689,FILLED,
20230831,601328.SH,BUY,5.55,5300,29415.0,4.412249999999999,FILLED,
20230928,601398.SH,SELL,4.68,200,936.0,0.1404,FILLED,
20230928,601288.SH,SELL,3.6,400,1440.0,0.21599999999999997,FILLED,
20230928,601857.SH,SELL,7.98,200,1596.0,0.23939999999999997,FILLED,
20230928,600036.SH,SELL,32.97,100,3297.0,0.49454999999999993,FILLED,
20230928,601088.SH,SELL,31.2,100,3120.0,0.46799999999999997,FILLED,
20230928,600276.SH,SELL,44.94,100,4494.0,0.6740999999999999,FILLED,
20230928,601816.SH,SELL,5.13,100,513.0,0.07694999999999999,FILLED,
20230928,601658.SH,SELL,4.97,100,497.0,0.07454999999999999,FILLED,
20230928,002475.SZ,SELL,29.82,800,23856.0,3.5784,FILLED,
20230928,601328.SH,SELL,5.76,200,1152.0,0.17279999999999998,FILLED,
20230928,601138.SH,BUY,19.7,100,1970.0,0.2955,FILLED,
20230928,601899.SH,BUY,12.13,100,1213.0,0.18194999999999997,FILLED,
20230928,601668.SH,BUY,5.53,100,553.0,0.08295,FILLED,
20230928,603259.SH,BUY,86.18,300,25854.000000000004,3.8781000000000003,FILLED,
20231031,601398.SH,SELL,4.73,200,946.0000000000001,0.1419,FILLED,
20231031,601288.SH,SELL,3.59,100,359.0,0.053849999999999995,FILLED,
20231031,601988.SH,SELL,3.9,500,1950.0,0.2925,FILLED,
20231031,600900.SH,SELL,22.57,100,2257.0,0.33854999999999996,FILLED,
20231031,002415.SZ,SELL,36.45,100,3645.0000000000005,0.5467500000000001,FILLED,
20231031,600276.SH,SELL,47.94,100,4794.0,0.7191,FILLED,
20231031,601668.SH,SELL,5.18,5300,27454.0,4.118099999999999,FILLED,
20231031,601899.SH,SELL,12.44,100,1244.0,0.1866,FILLED,
20231031,601857.SH,BUY,7.12,400,2848.0,0.42719999999999997,FILLED,
20231031,600036.SH,BUY,30.76,100,3076.0,0.4614,FILLED,
20231031,600028.SH,BUY,5.46,400,2184.0,0.32759999999999995,FILLED,
20231031,601166.SH,BUY,15.08,100,1508.0,0.22619999999999998,FILLED,
20231031,601658.SH,BUY,4.57,300,1371.0,0.20564999999999997,FILLED,
20231031,601138.SH,BUY,14.72,500,7360.0,1.1039999999999999,FILLED,
20231031,002475.SZ,BUY,32.77,800,26216.000000000004,3.9324000000000003,FILLED,
20231130,601398.SH,SELL,4.81,200,961.9999999999999,0.14429999999999998,FILLED,
20231130,601288.SH,SELL,3.66,400,1464.0,0.2196,FILLED,
20231130,601857.SH,SELL,7.18,100,718.0,0.10769999999999999,FILLED,
20231130,601988.SH,SELL,3.99,300,1197.0,0.17955,FILLED,
20231130,600028.SH,SELL,5.47,100,547.0,0.08205,FILLED,
20231130,601088.SH,SELL,31.49,100,3149.0,0.47234999999999994,FILLED,
20231130,601816.SH,SELL,5.05,200,1010.0,0.1515,FILLED,
20231130,601138.SH,SELL,15.1,100,1510.0,0.22649999999999998,FILLED,
20231130,300760.SZ,SELL,290.87,100,29087.0,4.363049999999999,FILLED,
20231130,601328.SH,SELL,5.84,300,1752.0,0.2628,FILLED,
20231130,601628.SH,BUY,30.04,100,3004.0,0.45059999999999995,FILLED,
20231130,002415.SZ,BUY,34.79,100,3479.0,0.5218499999999999,FILLED,
20231130,601658.SH,BUY,4.39,200,877.9999999999999,0.13169999999999998,FILLED,
20231229,601988.SH,SELL,3.99,100,399.0,0.059849999999999993,FILLED,
20231229,600028.SH,SELL,5.58,200,1116.0,0.1674,FILLED,
20231229,600900.SH,SELL,23.34,100,2334.0,0.35009999999999997,FILLED,
20231229,601166.SH,SELL,16.21,200,3242.0,0.48629999999999995,FILLED,
20231229,601899.SH,SELL,12.46,100,1246.0,0.18689999999999998,FILLED,
20231229,603259.SH,SELL,72.76,300,21828.0,3.2741999999999996,FILLED,
20231229,600036.SH,BUY,27.82,100,2782.0,0.41729999999999995,FILLED,
20231229,600276.SH,BUY,45.23,100,4523.0,0.6784499999999999,FILLED,
20231229,601816.SH,BUY,4.92,100,492.0,0.07379999999999999,FILLED,
20231229,603288.SH,BUY,37.95,700,26565.000000000004,3.98475,FILLED,
20240131,601398.SH,SELL,5.17,500,2585.0,0.38775,FILLED,
20240131,601288.SH,SELL,3.89,600,2334.0,0.35009999999999997,FILLED,
20240131,601857.SH,SELL,8.36,600,5016.0,0.7524,FILLED,
20240131,601988.SH,SELL,4.32,600,2592.0,0.3888,FILLED,
20240131,600036.SH,SELL,30.71,200,6142.0,0.9212999999999999,FILLED,
20240131,600028.SH,SELL,5.96,300,1788.0,0.2682,FILLED,
20240131,000333.SZ,SELL,58.25,100,5825.0,0.8737499999999999,FILLED,
20240131,601088.SH,SELL,37.12,100,3711.9999999999995,0.5567999999999999,FILLED,
20240131,002594.SZ,SELL,170.73,100,17073.0,2.5609499999999996,FILLED,
20240131,601816.SH,SELL,4.97,100,497.0,0.07454999999999999,FILLED,
20240131,601658.SH,SELL,4.73,600,2838.0000000000005,0.4257,FILLED,
20240131,601328.SH,SELL,6.0,200,1200.0,0.18,FILLED,
20240131,002475.SZ,SELL,25.49,800,20392.0,3.0587999999999997,FILLED,
20240131,603288.SH,SELL,33.93,700,23751.0,3.5626499999999997,FILLED,
20240131,000858.SZ,BUY,126.3,100,12630.0,1.8944999999999999,FILLED,
20240131,300760.SZ,BUY,268.33,100,26833.0,4.02495,FILLED,
20240131,601138.SH,BUY,13.31,200,2662.0,0.3993,FILLED,
20240131,600276.SH,BUY,37.45,100,3745.0000000000005,0.56175,FILLED,
20240131,601225.SH,BUY,24.18,1100,26598.0,3.9896999999999996,FILLED,
20240131,601998.SH,BUY,6.26,4400,27544.0,4.1316,FILLED,
20240131,601668.SH,BUY,5.14,5300,27242.0,4.0863,FILLED,
20240229,600276.SH,SELL,42.64,100,4264.0,0.6396,FILLED,
20240229,601138.SH,SELL,18.69,500,9345.0,1.4017499999999998,FILLED,
20240229,601998.SH,SELL,6.43,4400,28292.0,4.243799999999999,FILLED,
20240229,601668.SH,SELL,5.35,5300,28354.999999999996,4.253249999999999,FILLED,
20240229,601398.SH,BUY,5.33,200,1066.0,0.1599,FILLED,
20240229,601988.SH,BUY,4.47,300,1341.0,0.20115,FILLED,
20240229,600036.SH,BUY,32.04,100,3204.0,0.48059999999999997,FILLED,
20240229,600028.SH,BUY,6.25,100,625.0,0.09374999999999999,FILLED,
20240229,601658.SH,BUY,4.85,200,969.9999999999999,0.14549999999999996,FILLED,
20240229,601816.SH,BUY,5.05,300,1515.0,0.22724999999999998,FILLED,
20240229,601328.SH,BUY,6.27,100,627.0,0.09405,FILLED,
20240229,603288.SH,BUY,40.66,700,28461.999999999996,4.269299999999999,FILLED,
20240229,002594.SZ,BUY,191.2,100,19120.0,2.868,FILLED,
20240329,601857.SH,SELL,9.88,300,2964.0000000000005,0.44460000000000005,FILLED,
20240329,000858.SZ,SELL,153.51,100,15351.0,2.30265,FILLED,
20240329,601138.SH,SELL,22.77,200,4554.0,0.6830999999999999,FILLED,
20240329,601899.SH,SELL,16.82,500,8410.0,1.2614999999999998,FILLED,
20240329,600030.SH,SELL,19.2,1300,24960.0,3.7439999999999998,FILLED,
20240329,601398.SH,BUY,5.28,200,1056.0,0.15839999999999999,FILLED,
20240329,601288.SH,BUY,4.23,100,423.00000000000006,0.06345,FILLED,
20240329,601988.SH,BUY,4.4,200,880.0000000000001,0.132,FILLED,
20240329,600900.SH,BUY,24.93,100,2493.0,0.37394999999999995,FILLED,
20240329,601628.SH,BUY,28.5,100,2850.0,0.42749999999999994,FILLED,
20240329,601318.SH,BUY,40.81,100,4081.0,0.61215,FILLED,
20240329,601166.SH,BUY,15.78,200,3156.0,0.47339999999999993,FILLED,
20240329,601658.SH,BUY,4.75,300,1425.0,0.21374999999999997,FILLED,
20240329,002415.SZ,BUY,32.16,100,3215.9999999999995,0.4823999999999999,FILLED,
20240329,601816.SH,BUY,5.02,200,1003.9999999999999,0.15059999999999996,FILLED,
20240329,601225.SH,BUY,25.09,100,2509.0,0.37634999999999996,FILLED,
20240329,000651.SZ,BUY,39.31,700,27517.0,4.127549999999999,FILLED,
20240430,601288.SH,SELL,4.4,100,440.00000000000006,0.066,FILLED,
20240430,601988.SH,SELL,4.59,100,459.0,0.06885,FILLED,
20240430,601166.SH,SELL,16.85,100,1685.0000000000002,0.25275000000000003,FILLED,
20240430,601138.SH,SELL,24.5,100,2450.0,0.3675,FILLED,
20240430,601328.SH,SELL,6.88,200,1376.0,0.20639999999999997,FILLED,
20240430,603288.SH,SELL,39.26,700,27482.0,4.1223,FILLED,
20240430,600028.SH,BUY,6.35,200,1270.0,0.19049999999999997,FILLED,
20240430,000858.SZ,BUY,150.43,100,15043.0,2.2564499999999996,FILLED,
20240430,601658.SH,BUY,4.8,100,480.0,0.072,FILLED,
20240430,601998.SH,BUY,6.88,4500,30960.0,4.643999999999999,FILLED,
20240430,601816.SH,BUY,5.09,100,509.0,0.07634999999999999,FILLED,
20240531,601628.SH,SELL,31.35,100,3135.0,0.47024999999999995,FILLED,
20240531,600028.SH,SELL,6.45,100,645.0,0.09674999999999999,FILLED,
20240531,600900.SH,SELL,26.61,100,2661.0,0.39914999999999995,FILLED,
20240531,601166.SH,SELL,17.89,100,1789.0,0.26835,FILLED,
20240531,601658.SH,SELL,5.03,300,1509.0,0.22634999999999997,FILLED,
20240531,601328.SH,SELL,7.05,100,705.0,0.10575,FILLED,
20240531,601225.SH,SELL,26.03,100,2603.0,0.39044999999999996,FILLED,
20240531,000651.SZ,SELL,40.7,700,28490.000000000004,4.2735,FILLED,
20240531,601998.SH,SELL,7.21,200,1442.0,0.2163,FILLED,
20240531,601988.SH,BUY,4.44,300,1332.0000000000002,0.1998,FILLED,
20240531,601138.SH,BUY,22.91,100,2291.0,0.34364999999999996,FILLED,
20240531,600276.SH,BUY,42.36,100,4236.0,0.6354,FILLED,
20240531,600000.SH,BUY,8.34,3700,30858.0,4.628699999999999,FILLED,
20240628,601398.SH,SELL,5.7,300,1710.0,0.25649999999999995,FILLED,
20240628,601988.SH,SELL,4.62,300,1386.0,0.20789999999999997,FILLED,
20240628,600900.SH,SELL,28.92,100,2892.0,0.43379999999999996,FILLED,
20240628,601088.SH,SELL,44.37,100,4437.0,0.66555,FILLED,
20240628,000568.SZ,SELL,143.49,100,14349.0,2.1523499999999998,FILLED,
20240628,601816.SH,SELL,5.37,400,2148.0,0.3222,FILLED,
20240628,601138.SH,SELL,27.4,200,5480.0,0.822,FILLED,
20240628,601328.SH,SELL,7.47,300,2241.0,0.33614999999999995,FILLED,
20240628,601288.SH,BUY,4.36,100,436.00000000000006,0.0654,FILLED,
20240628,600028.SH,BUY,6.32,100,632.0,0.0948,FILLED,
20240628,002475.SZ,BUY,39.31,700,27517.0,4.127549999999999,FILLED,
20240628,002415.SZ,BUY,30.91,100,3091.0,0.46364999999999995,FILLED,
20240628,601998.SH,BUY,6.7,300,2010.0,0.3015,FILLED,
20240628,601225.SH,BUY,25.77,100,2577.0,0.38654999999999995,FILLED,
20240628,600276.SH,BUY,38.46,100,3846.0,0.5769,FILLED,
20240731,601398.SH,SELL,5.85,300,1755.0,0.26325,FILLED,
20240731,601288.SH,SELL,4.59,500,2295.0,0.34424999999999994,FILLED,
20240731,601988.SH,SELL,4.66,200,932.0,0.13979999999999998,FILLED,
20240731,600028.SH,SELL,6.49,300,1947.0,0.29205,FILLED,
20240731,600276.SH,SELL,42.21,100,4221.0,0.63315,FILLED,
20240731,600809.SH,SELL,184.33,100,18433.0,2.76495,FILLED,
20240731,601816.SH,SELL,5.72,500,2860.0,0.42899999999999994,FILLED,
20240731,600000.SH,SELL,8.4,100,840.0,0.126,FILLED,
20240731,601857.SH,BUY,8.97,300,2691.0,0.40364999999999995,FILLED,
20240731,601088.SH,BUY,39.75,100,3975.0,0.59625,FILLED,
20240731,601138.SH,BUY,23.84,100,2384.0,0.3576,FILLED,
20240731,601166.SH,BUY,16.75,100,1675.0,0.25125,FILLED,
20240731,601899.SH,BUY,16.58,100,1657.9999999999998,0.24869999999999995,FILLED,
20240731,601658.SH,BUY,4.83,100,483.0,0.07245,FILLED,
20240731,601998.SH,BUY,6.27,200,1254.0,0.1881,FILLED,
20240731,601668.SH,BUY,5.58,5400,30132.0,4.5198,FILLED,
20240830,601398.SH,SELL,5.98,100,598.0,0.08969999999999999,FILLED,
20240830,601318.SH,SELL,44.03,100,4403.0,0.66045,FILLED,
20240830,601988.SH,SELL,4.79,300,1437.0,0.21555,FILLED,
20240830,600028.SH,SELL,6.81,200,1362.0,0.20429999999999998,FILLED,
20240830,600276.SH,SELL,44.13,100,4413.0,0.6619499999999999,FILLED,
20240830,600000.SH,SELL,8.43,100,843.0,0.12644999999999998,FILLED,
20240830,601138.SH,BUY,20.47,200,4094.0,0.6141,FILLED,
20240830,601658.SH,BUY,4.73,100,473.00000000000006,0.07095,FILLED,
20240830,601328.SH,BUY,7.11,100,711.0,0.10665,FILLED,
20240830,601816.SH,BUY,5.43,300,1629.0,0.24434999999999998,FILLED,
20240830,002415.SZ,BUY,26.72,100,2672.0,0.4008,FILLED,
20240830,600309.SH,BUY,73.0,100,7300.0,1.095,FILLED,
20240830,601668.SH,BUY,5.39,100,539.0,0.08084999999999999,FILLED,
20240930,601318.SH,SELL,57.09,100,5709.0,0.85635,FILLED,
20240930,601628.SH,SELL,44.0,200,8800.0,1.3199999999999998,FILLED,
20240930,601166.SH,SELL,19.27,100,1927.0,0.28905,FILLED,
20240930,002415.SZ,SELL,32.29,100,3229.0,0.48434999999999995,FILLED,
20240930,600309.SH,SELL,91.32,100,9132.0,1.3698,FILLED,
20240930,601138.SH,SELL,25.19,100,2519.0,0.37784999999999996,FILLED,
20240930,601225.SH,SELL,27.58,1200,33096.0,4.9643999999999995,FILLED,
20240930,600000.SH,SELL,10.13,200,2026.0000000000002,0.3039,FILLED,
20240930,601668.SH,SELL,6.18,5500,33990.0,5.0985,FILLED,
20240930,601398.SH,BUY,6.18,500,3090.0,0.46349999999999997,FILLED,
20240930,601288.SH,BUY,4.8,500,2400.0,0.36,FILLED,
20240930,601857.SH,BUY,9.02,400,3608.0,0.5411999999999999,FILLED,
20240930,601988.SH,BUY,5.0,600,3000.0,0.44999999999999996,FILLED,
20240930,600900.SH,BUY,30.05,100,3005.0,0.45075,FILLED,
20240930,600028.SH,BUY,6.96,500,3480.0,0.5219999999999999,FILLED,
20240930,601658.SH,BUY,5.26,100,526.0,0.0789,FILLED,
20240930,600030.SH,BUY,27.2,1200,32640.0,4.896,FILLED,
20240930,601816.SH,BUY,6.04,100,604.0,0.09059999999999999,FILLED,
20240930,601328.SH,BUY,7.4,400,2960.0,0.44399999999999995,FILLED,
20240930,300059.SZ,BUY,20.3,1600,32480.0,4.872,FILLED,
20241031,601398.SH,SELL,6.04,200,1208.0,0.18119999999999997,FILLED,
20241031,601288.SH,SELL,4.73,300,1419.0000000000002,0.21285,FILLED,
20241031,601988.SH,SELL,4.82,100,482.0,0.07229999999999999,FILLED,
20241031,600036.SH,SELL,37.36,100,3736.0,0.5603999999999999,FILLED,
20241031,600309.SH,SELL,75.25,300,22575.0,3.3862499999999995,FILLED,
20241031,601658.SH,SELL,5.21,200,1042.0,0.1563,FILLED,
20241031,601328.SH,SELL,7.11,100,711.0,0.10665,FILLED,
20241031,601998.SH,SELL,6.52,4800,31295.999999999996,4.694399999999999,FILLED,
20241031,600030.SH,SELL,28.12,100,2812.0,0.42179999999999995,FILLED,
20241031,300059.SZ,SELL,23.19,200,4638.0,0.6957,FILLED,
20241031,601857.SH,BUY,8.1,300,2430.0,0.3645,FILLED,
20241031,601088.SH,BUY,40.04,100,4004.0,0.6005999999999999,FILLED,
20241031,600028.SH,BUY,6.18,300,1854.0,0.27809999999999996,FILLED,
20241031,601899.SH,BUY,16.82,100,1682.0,0.25229999999999997,FILLED,
20241031,601816.SH,BUY,5.43,400,2172.0,0.3258,FILLED,
20241031,601319.SH,BUY,7.1,4500,31950.0,4.7924999999999995,FILLED,
20241031,601601.SH,BUY,36.8,800,29439.999999999996,4.4159999999999995,FILLED,
20241129,601288.SH,SELL,4.81,100,480.99999999999994,0.07214999999999999,FILLED,
20241129,601988.SH,SELL,5.01,200,1002.0,0.1503,FILLED,
20241129,600028.SH,SELL,6.36,100,636.0,0.09539999999999998,FILLED,
20241129,601816.SH,SELL,5.73,300,1719.0000000000002,0.25785,FILLED,
20241129,601658.SH,SELL,5.3,100,530.0,0.07949999999999999,FILLED,
20241129,601328.SH,SELL,7.33,100,733.0,0.10994999999999999,FILLED,
20241129,600030.SH,SELL,30.75,100,3075.0,0.46124999999999994,FILLED,
20241129,300059.SZ,SELL,27.26,300,8178.000000000001,1.2267000000000001,FILLED,
20241129,601601.SH,SELL,33.9,800,27120.0,4.068,FILLED,
20241129,601318.SH,BUY,53.25,100,5325.0,0.79875,FILLED,
20241129,601138.SH,BUY,22.19,100,2219.0,0.33285,FILLED,
20241129,601166.SH,BUY,18.05,100,1805.0,0.27075,FILLED,
20241129,601899.SH,BUY,15.7,100,1570.0,0.2355,FILLED,
20241129,002475.SZ,BUY,38.68,100,3868.0,0.5801999999999999,FILLED,
20241129,600000.SH,BUY,9.46,100,946.0000000000001,0.1419,FILLED,
20241129,601998.SH,BUY,6.79,4800,32592.0,4.8888,FILLED,
20241231,601398.SH,SELL,6.92,500,3460.0,0.5189999999999999,FILLED,
20241231,601288.SH,SELL,5.34,400,2136.0,0.32039999999999996,FILLED,
20241231,601857.SH,SELL,8.94,300,2682.0,0.4023,FILLED,
20241231,601988.SH,SELL,5.51,400,2204.0,0.33059999999999995,FILLED,
20241231,600028.SH,SELL,6.68,100,668.0,0.1002,FILLED,
20241231,601166.SH,SELL,19.16,100,1916.0,0.2874,FILLED,
20241231,601088.SH,SELL,43.48,100,4348.0,0.6521999999999999,FILLED,
20241231,601816.SH,SELL,6.16,300,1848.0,0.2772,FILLED,
20241231,601658.SH,SELL,5.68,200,1136.0,0.1704,FILLED,
20241231,601328.SH,SELL,7.77,100,777.0,0.11654999999999999,FILLED,
20241231,600000.SH,SELL,10.29,200,2058.0,0.3087,FILLED,
20241231,601319.SH,SELL,7.62,4500,34290.0,5.1434999999999995,FILLED,
20241231,601628.SH,BUY,41.92,100,4192.0,0.6287999999999999,FILLED,
20241231,601138.SH,BUY,21.5,100,2150.0,0.32249999999999995,FILLED,
20241231,600030.SH,BUY,29.17,100,2917.0,0.43754999999999994,FILLED,
20241231,300059.SZ,BUY,25.82,200,5164.0,0.7746,FILLED,
20241231,601899.SH,BUY,15.12,200,3024.0,0.45359999999999995,FILLED,
20241231,600276.SH,BUY,45.9,100,4590.0,0.6884999999999999,FILLED,
20241231,002415.SZ,BUY,30.7,100,3070.0,0.46049999999999996,FILLED,
20250127,601988.SH,SELL,5.45,100,545.0,0.08174999999999999,FILLED,
20250127,601166.SH,SELL,20.31,100,2030.9999999999998,0.3046499999999999,FILLED,
20250127,601899.SH,SELL,16.24,200,3247.9999999999995,0.4871999999999999,FILLED,
20250127,600000.SH,SELL,10.65,200,2130.0,0.31949999999999995,FILLED,
20250127,601857.SH,BUY,8.33,200,1666.0,0.24989999999999998,FILLED,
20250127,601088.SH,BUY,40.0,100,4000.0,0.6,FILLED,
20250127,600028.SH,BUY,6.08,300,1824.0,0.27359999999999995,FILLED,
20250127,601658.SH,BUY,5.41,100,541.0,0.08114999999999999,FILLED,
20250127,600030.SH,BUY,26.93,100,2693.0,0.40395,FILLED,
20250127,300059.SZ,BUY,22.94,100,2294.0,0.34409999999999996,FILLED,
20250127,601328.SH,BUY,7.25,200,1450.0,0.21749999999999997,FILLED,
20250127,601816.SH,BUY,5.7,300,1710.0,0.25649999999999995,FILLED,
20250127,601998.SH,BUY,6.64,100,664.0,0.0996,FILLED,
20250127,601319.SH,BUY,7.16,4500,32220.0,4.832999999999999,FILLED,
20250228,601398.SH,SELL,6.87,100,687.0,0.10304999999999999,FILLED,
20250228,600036.SH,SELL,42.05,100,4205.0,0.6307499999999999,FILLED,
20250228,601166.SH,SELL,20.75,100,2075.0,0.31124999999999997,FILLED,
20250228,002415.SZ,SELL,30.14,100,3014.0,0.45209999999999995,FILLED,
20250228,601816.SH,SELL,5.47,5700,31179.0,4.67685,FILLED,
20250228,002594.SZ,SELL,361.82,100,36182.0,5.4273,FILLED,
20250228,002475.SZ,SELL,43.15,100,4315.0,0.64725,FILLED,
20250228,601998.SH,SELL,6.9,200,1380.0,0.207,FILLED,
20250228,601319.SH,SELL,6.6,4500,29700.0,4.454999999999999,FILLED,
20250228,601288.SH,BUY,5.13,100,513.0,0.07694999999999999,FILLED,
20250228,601857.SH,BUY,7.86,200,1572.0,0.23579999999999998,FILLED,
20250228,601728.SH,BUY,7.75,4200,32550.0,4.882499999999999,FILLED,
20250228,601088.SH,BUY,35.45,100,3545.0000000000005,0.5317500000000001,FILLED,
20250228,600028.SH,BUY,5.78,300,1734.0,0.2601,FILLED,
20250228,601658.SH,BUY,5.32,100,532.0,0.0798,FILLED,
20250228,601899.SH,BUY,15.35,100,1535.0,0.23024999999999998,FILLED,
20250228,600000.SH,BUY,10.17,200,2034.0,0.3051,FILLED,
20250331,601857.SH,SELL,8.22,100,822.0000000000001,0.1233,FILLED,
20250331,601988.SH,SELL,5.6,100,560.0,0.08399999999999999,FILLED,
20250331,601088.SH,SELL,38.35,100,3835.0,0.5752499999999999,FILLED,
20250331,600276.SH,SELL,49.2,100,4920.0,0.738,FILLED,
20250331,601899.SH,SELL,18.12,300,5436.0,0.8153999999999999,FILLED,
20250331,601328.SH,SELL,7.45,100,745.0,0.11174999999999999,FILLED,
20250331,600000.SH,SELL,10.43,100,1043.0,0.15644999999999998,FILLED,
20250331,601998.SH,SELL,7.11,100,711.0,0.10665,FILLED,
20250331,601398.SH,BUY,6.89,100,689.0,0.10335,FILLED,
20250331,600028.SH,BUY,5.73,200,1146.0,0.1719,FILLED,
20250331,601138.SH,BUY,19.86,100,1986.0,0.2979,FILLED,
20250331,601658.SH,BUY,5.21,200,1042.0,0.1563,FILLED,
20250331,002475.SZ,BUY,40.89,100,4089.0,0.61335,FILLED,
20250331,601816.SH,BUY,5.57,5900,32863.0,4.929449999999999,FILLED,
20250430,601398.SH,SELL,7.01,200,1402.0,0.2103,FILLED,
20250430,601288.SH,SELL,5.42,500,2710.0,0.4065,FILLED,
20250430,601988.SH,SELL,5.53,100,553.0,0.08295,FILLED,
20250430,600028.SH,SELL,5.66,100,566.0,0.08489999999999999,FILLED,
20250430,601328.SH,SELL,7.47,100,747.0,0.11205,FILLED,
20250430,600000.SH,SELL,10.96,200,2192.0,0.3288,FILLED,
20250430,002475.SZ,SELL,30.85,800,24680.0,3.7019999999999995,FILLED,
20250430,601998.SH,SELL,7.21,100,721.0,0.10815,FILLED,
20250430,601816.SH,SELL,5.81,400,2324.0,0.34859999999999997,FILLED,
20250430,601138.SH,BUY,18.06,100,1805.9999999999998,0.2708999999999999,FILLED,
20250430,300059.SZ,BUY,20.57,100,2057.0,0.30855,FILLED,
20250430,002415.SZ,BUY,28.21,100,2821.0,0.42314999999999997,FILLED,
20250530,601166.SH,SELL,22.64,100,2264.0,0.33959999999999996,FILLED,
20250530,601658.SH,SELL,5.33,100,533.0,0.07995,FILLED,
20250530,600000.SH,SELL,12.33,200,2466.0,0.36989999999999995,FILLED,
20250530,601998.SH,SELL,7.96,300,2388.0,0.35819999999999996,FILLED,
20250530,601728.SH,SELL,8.03,100,802.9999999999999,0.12044999999999997,FILLED,
20250530,601398.SH,BUY,7.07,100,707.0,0.10604999999999999,FILLED,
20250530,601288.SH,BUY,5.53,100,553.0,0.08295,FILLED,
20250530,601988.SH,BUY,5.52,200,1104.0,0.1656,FILLED,
20250530,600028.SH,BUY,5.78,100,578.0,0.0867,FILLED,
20250530,600030.SH,BUY,25.52,100,2552.0,0.3828,FILLED,
20250530,601328.SH,BUY,7.6,100,760.0,0.11399999999999999,FILLED,
20250530,601319.SH,BUY,8.27,4000,33080.0,4.962,FILLED,
20250530,601816.SH,BUY,5.86,200,1172.0,0.17579999999999998,FILLED,
20250530,300059.SZ,BUY,20.62,100,2062.0,0.30929999999999996,FILLED,
20250630,601398.SH,SELL,7.59,200,1518.0,0.22769999999999999,FILLED,
20250630,601288.SH,SELL,5.88,200,1176.0,0.17639999999999997,FILLED,
20250630,002415.SZ,SELL,27.73,1100,30503.0,4.57545,FILLED,
20250630,601138.SH,SELL,21.38,100,2138.0,0.3207,FILLED,
20250630,601899.SH,SELL,19.5,100,1950.0,0.2925,FILLED,
20250630,601328.SH,SELL,8.0,100,800.0,0.12,FILLED,
20250630,600000.SH,SELL,13.88,300,4164.0,0.6245999999999999,FILLED,
20250630,600030.SH,SELL,27.62,100,2762.0,0.41429999999999995,FILLED,
20250630,300059.SZ,SELL,23.13,200,4626.0,0.6939,FILLED,
20250630,601998.SH,SELL,8.5,200,1700.0,0.255,FILLED,
20250630,601319.SH,SELL,8.71,100,871.0000000000001,0.13065000000000002,FILLED,
20250630,601988.SH,BUY,5.62,100,562.0,0.08429999999999999,FILLED,
20250630,601728.SH,BUY,7.75,300,2325.0,0.34874999999999995,FILLED,
20250630,600028.SH,BUY,5.64,300,1692.0,0.25379999999999997,FILLED,
20250630,002594.SZ,BUY,331.91,100,33191.0,4.978649999999999,FILLED,
20250630,601658.SH,BUY,5.47,100,547.0,0.08205,FILLED,
20250630,601816.SH,BUY,5.75,300,1725.0,0.25875,FILLED,
20250630,601211.SH,BUY,19.16,1800,34488.0,5.1732,FILLED,
20250731,601288.SH,SELL,6.3,400,2520.0,0.37799999999999995,FILLED,
20250731,601857.SH,SELL,8.87,200,1773.9999999999998,0.26609999999999995,FILLED,
20250731,601318.SH,SELL,58.69,100,5869.0,0.88035,FILLED,
20250731,600028.SH,SELL,6.01,400,2404.0,0.3606,FILLED,
20250731,600276.SH,SELL,62.9,100,6290.0,0.9434999999999999,FILLED,
20250731,601138.SH,SELL,34.61,700,24227.0,3.63405,FILLED,
20250731,601658.SH,SELL,5.74,300,1722.0,0.2583,FILLED,
20250731,600030.SH,SELL,29.02,100,2902.0,0.43529999999999996,FILLED,
20250731,601816.SH,SELL,5.4,6000,32400.000000000004,4.86,FILLED,
20250731,601211.SH,SELL,20.3,100,2030.0,0.3045,FILLED,
20250731,601988.SH,BUY,5.55,100,555.0,0.08324999999999999,FILLED,
20250731,600900.SH,BUY,27.84,100,2784.0,0.41759999999999997,FILLED,
20250731,601088.SH,BUY,38.16,100,3815.9999999999995,0.5723999999999999,FILLED,
20250731,601728.SH,BUY,7.49,200,1498.0,0.22469999999999998,FILLED,
20250731,601166.SH,BUY,22.64,100,2264.0,0.33959999999999996,FILLED,
20250731,601899.SH,BUY,19.15,100,1914.9999999999998,0.28724999999999995,FILLED,
20250731,600000.SH,BUY,12.81,200,2562.0,0.3843,FILLED,
20250731,002594.SZ,BUY,105.24,200,21048.0,3.1571999999999996,FILLED,
20250731,601998.SH,BUY,8.19,200,1638.0,0.24569999999999997,FILLED,
20250731,601328.SH,BUY,7.65,200,1530.0,0.22949999999999998,FILLED,
20250731,601319.SH,BUY,8.18,300,2454.0,0.3681,FILLED,
20250829,601288.SH,SELL,7.02,300,2106.0,0.31589999999999996,FILLED,
20250829,601138.SH,SELL,53.83,300,16149.0,2.42235,FILLED,
20250829,601899.SH,SELL,23.08,300,6923.999999999999,1.0385999999999997,FILLED,
20250829,601328.SH,SELL,7.27,4500,32714.999999999996,4.9072499999999994,FILLED,
20250829,300760.SZ,SELL,242.79,100,24279.0,3.64185,FILLED,
20250829,300059.SZ,SELL,28.91,200,5782.0,0.8673,FILLED,
20250829,601319.SH,SELL,8.98,200,1796.0,0.2694,FILLED,
20250829,601211.SH,SELL,20.97,1700,35649.0,5.34735,FILLED,
20250829,601398.SH,BUY,7.43,300,2229.0,0.33435,FILLED,
20250829,601857.SH,BUY,8.72,300,2616.0,0.39239999999999997,FILLED,
20250829,601988.SH,BUY,5.52,300,1655.9999999999998,0.24839999999999995,FILLED,
20250829,600036.SH,BUY,42.89,100,4289.0,0.64335,FILLED,
20250829,601318.SH,BUY,59.88,100,5988.0,0.8981999999999999,FILLED,
20250829,601728.SH,BUY,7.61,100,761.0,0.11414999999999999,FILLED,
20250829,600028.SH,BUY,5.71,600,3426.0,0.5138999999999999,FILLED,
20250829,601166.SH,BUY,22.41,100,2241.0,0.33614999999999995,FILLED,
20250829,688041.SH,BUY,194.52,100,19452.0,2.9177999999999997,FILLED,
20250829,300308.SZ,BUY,354.92,100,35492.0,5.323799999999999,FILLED,
20250829,002475.SZ,BUY,45.98,700,32185.999999999996,4.827899999999999,FILLED,
20250829,601998.SH,BUY,7.9,400,3160.0,0.474,FILLED,
20250930,601138.SH,SELL,66.01,100,6601.000000000001,0.9901500000000001,FILLED,
20250930,300750.SZ,SELL,402.0,100,40200.0,6.029999999999999,FILLED,
20250930,601899.SH,SELL,29.44,300,8832.0,1.3248,FILLED,
20250930,601998.SH,SELL,7.2,4600,33120.0,4.968,FILLED,
20250930,601319.SH,SELL,7.79,4000,31160.0,4.6739999999999995,FILLED,
20250930,300308.SZ,SELL,403.68,100,40368.0,6.055199999999999,FILLED,
20250930,002475.SZ,SELL,64.69,200,12938.0,1.9406999999999999,FILLED,
20250930,601288.SH,BUY,6.67,300,2001.0,0.30015,FILLED,
20250930,601398.SH,BUY,7.3,200,1460.0,0.21899999999999997,FILLED,
20250930,601857.SH,BUY,8.06,400,3224.0,0.4836,FILLED,
20250930,601988.SH,BUY,5.18,500,2590.0,0.38849999999999996,FILLED,
20250930,600036.SH,BUY,40.41,100,4040.9999999999995,0.6061499999999999,FILLED,
20250930,601628.SH,BUY,39.64,100,3964.0,0.5945999999999999,FILLED,
20250930,600900.SH,BUY,27.25,100,2725.0,0.40874999999999995,FILLED,
20250930,601728.SH,BUY,6.66,700,4662.0,0.6992999999999999,FILLED,
20250930,000333.SZ,BUY,72.66,100,7266.0,1.0898999999999999,FILLED,
20250930,600028.SH,BUY,5.29,600,3174.0,0.47609999999999997,FILLED,
20250930,000858.SZ,BUY,121.48,100,12148.0,1.8221999999999998,FILLED,
20250930,601166.SH,BUY,19.85,200,3970.0000000000005,0.5955,FILLED,
20250930,601658.SH,BUY,5.75,300,1725.0,0.25875,FILLED,
20250930,600030.SH,BUY,29.9,100,2990.0,0.44849999999999995,FILLED,
20250930,600000.SH,BUY,11.9,400,4760.0,0.714,FILLED,
20250930,300059.SZ,BUY,27.12,100,2712.0,0.40679999999999994,FILLED,
20251031,601398.SH,SELL,7.78,300,2334.0,0.35009999999999997,FILLED,
20251031,601288.SH,SELL,7.96,800,6368.0,0.9551999999999999,FILLED,
20251031,601857.SH,SELL,9.15,500,4575.0,0.6862499999999999,FILLED,
20251031,601988.SH,SELL,5.61,400,2244.0,0.33659999999999995,FILLED,
20251031,601628.SH,SELL,43.97,100,4397.0,0.65955,FILLED,
20251031,600028.SH,SELL,5.47,100,547.0,0.08205,FILLED,
20251031,000333.SZ,SELL,76.4,100,7640.000000000001,1.1460000000000001,FILLED,
20251031,601088.SH,SELL,42.51,100,4251.0,0.6376499999999999,FILLED,
20251031,601728.SH,BUY,6.69,100,669.0,0.10035,FILLED,
20251031,601658.SH,BUY,5.75,100,575.0,0.08625,FILLED,
20251031,600000.SH,BUY,11.49,200,2298.0,0.34469999999999995,FILLED,
20251031,300059.SZ,BUY,25.5,100,2550.0,0.38249999999999995,FILLED,
20251031,601998.SH,BUY,7.74,4800,37152.0,5.572799999999999,FILLED,
20251031,300502.SZ,BUY,344.31,100,34431.0,5.16465,FILLED,
20251128,601398.SH,SELL,8.11,200,1622.0,0.2433,FILLED,
20251128,601857.SH,SELL,9.75,200,1950.0,0.2925,FILLED,
20251128,601988.SH,SELL,6.07,500,3035.0,0.45524999999999993,FILLED,
20251128,600036.SH,SELL,42.95,100,4295.0,0.64425,FILLED,
20251128,600028.SH,SELL,5.78,400,2312.0,0.3468,FILLED,
20251128,601166.SH,SELL,21.11,100,2111.0,0.31665,FILLED,
20251128,601728.SH,SELL,6.86,100,686.0,0.10289999999999999,FILLED,
20251128,601998.SH,SELL,7.76,100,776.0,0.11639999999999999,FILLED,
20251128,300502.SZ,SELL,347.8,100,34780.0,5.217,FILLED,
20251128,601138.SH,BUY,60.72,100,6072.0,0.9107999999999999,FILLED,
20251128,601088.SH,BUY,41.14,100,4114.0,0.6171,FILLED,
20251128,002475.SZ,BUY,57.78,100,5778.0,0.8666999999999999,FILLED,
20251128,601658.SH,BUY,5.68,100,568.0,0.0852,FILLED,
20251128,600030.SH,BUY,27.59,100,2759.0,0.41384999999999994,FILLED,
20251128,300059.SZ,BUY,23.4,100,2340.0,0.351,FILLED,
20251231,601857.SH,SELL,10.41,300,3123.0,0.46845,FILLED,
20251231,601318.SH,SELL,68.4,100,6840.000000000001,1.026,FILLED,
20251231,600028.SH,SELL,6.18,400,2472.0,0.37079999999999996,FILLED,
20251231,601899.SH,SELL,34.47,200,6894.0,1.0341,FILLED,
20251231,600000.SH,SELL,12.44,200,2488.0,0.3732,FILLED,
20251231,300059.SZ,SELL,23.18,1500,34770.0,5.2155,FILLED,
20251231,601998.SH,SELL,7.7,4700,36190.0,5.4285,FILLED,
20251231,601288.SH,BUY,7.68,200,1536.0,0.2304,FILLED,
20251231,601398.SH,BUY,7.93,200,1586.0,0.23789999999999997,FILLED,
20251231,300750.SZ,BUY,367.26,100,36726.0,5.5089,FILLED,
20251231,601988.SH,BUY,5.73,400,2292.0,0.3438,FILLED,
20251231,601728.SH,BUY,6.3,500,3150.0,0.4725,FILLED,
20251231,600276.SH,BUY,59.57,100,5957.0,0.89355,FILLED,
20251231,601658.SH,BUY,5.45,300,1635.0,0.24524999999999997,FILLED,
20251231,603993.SH,BUY,20.0,1800,36000.0,5.3999999999999995,FILLED,
