date,mom_12_1,rev_10,rvol_20,vol_confirm,inv_pb,log_cap,pe_ttm,roe_ttm,turnover_20,mom_3_1,mom_6_1,ret_5d_std,volume_chg,high_low_20,close_to_high_60,dv_ttm,roa_ttm,gross_margin,low_leverage,growth_revenue,growth_profit,illiq_20
2018-02-28,-0.02745544,-0.04984333,-0.03496738,-0.02710484,-0.08482148,-0.01508261,-0.04408245,-0.03596275,-0.03154307,-0.04396816,-0.03019347,-0.02568518,-0.04598269,-0.05050325,-0.04548048,-0.03759146,-0.03929948,-0.04886899,-0.06311852,-0.04213072,-0.04436540,-0.08981050
2018-03-30,0.00812438,0.01343397,0.01088748,0.00856325,0.02222367,0.00357860,0.01237552,0.00859906,0.01014592,0.01172902,0.00984933,0.00887757,0.01432780,0.01062517,0.01243759,0.00947034,0.00969936,0.01339648,0.01669682,0.01179283,0.01161695,0.02413492
2018-04-27,-0.01670852,-0.01890061,-0.01909316,-0.02063850,-0.04342298,-0.00733774,-0.02782728,-0.01876217,-0.02013997,-0.02550205,-0.01629619,-0.02115364,-0.02538325,-0.02562074,-0.02477970,-0.01784741,-0.02096114,-0.02434493,-0.03154395,-0.02660119,-0.02499507,-0.05025227
2018-05-31,-0.01044975,-0.01592694,-0.01543011,-0.01620317,-0.03218860,-0.00433671,-0.01912547,-0.01206090,-0.01458978,-0.01948497,-0.01406084,-0.01886760,-0.01879811,-0.01798151,-0.01910144,-0.00947775,-0.01330937,-0.01667551,-0.02312752,-0.02104344,-0.01926969,-0.03566730
2018-06-29,-0.01980142,-0.03030268,-0.03675878,-0.02283934,-0.06521883,-0.00915922,-0.03908756,-0.02263214,-0.02866678,-0.03235466,-0.02734126,-0.02944946,-0.03340414,-0.05117582,-0.03168739,-0.01992667,-0.02444183,-0.03535447,-0.04713461,-0.04269721,-0.03515615,-0.07310525
2018-07-31,0.01093435,0.01492611,0.01454811,0.01333553,0.02466020,0.00495300,0.01750459,0.01225177,0.01407462,0.01368208,0.01253083,0.01685646,0.01356717,0.01506295,0.01440629,0.01056330,0.01398692,0.01752777,0.02233193,0.01873058,0.01664997,0.03048391
2018-08-31,-0.02237361,-0.02475756,-0.02140184,-0.02000066,-0.04378393,-0.00988643,-0.03427094,-0.02357294,-0.02197947,-0.02908157,-0.02848160,-0.02513523,-0.02592330,-0.02752673,-0.02932761,-0.02212334,-0.02641184,-0.02994211,-0.03882000,-0.03606694,-0.03075394,-0.05707128
2018-09-28,-0.00097821,-0.00091981,-0.00112495,-0.00087748,-0.00207504,-0.00045161,-0.00151152,-0.00100856,-0.00103064,-0.00139129,-0.00120600,-0.00139559,-0.00123584,-0.00109658,-0.00125166,-0.00101186,-0.00113930,-0.00145455,-0.00193787,-0.00155601,-0.00154036,-0.00270940
2018-10-31,-0.04630235,-0.05232500,-0.03286258,-0.03408888,-0.08321550,-0.03793329,-0.03681171,-0.03797400,-0.02932109,-0.04792867,-0.05359100,-0.03806990,-0.05011411,-0.04213016,-0.04975521,-0.04558439,-0.04206705,-0.04831097,-0.04808013,-0.05331231,-0.05546298,-0.06887722
2018-11-30,0.02798207,0.02520850,0.01974930,0.02245541,0.04681340,0.02591605,0.01772835,0.02423935,0.01796754,0.02770264,0.03205951,0.02072358,0.02748694,0.01962256,0.03287191,0.02744426,0.02578472,0.02741949,0.02613794,0.02849722,0.03209161,0.03039360
2018-12-28,-0.03400113,-0.02444231,-0.01675058,-0.01682157,-0.05183245,-0.03152880,-0.01897879,-0.02875649,-0.01675994,-0.02613635,-0.03098214,-0.02100317,-0.02445629,-0.02597337,-0.03055235,-0.03096919,-0.02680512,-0.02730493,-0.02809844,-0.03341255,-0.03704390,-0.03237667
2019-01-31,0.00774495,0.00773706,0.00566477,0.00607051,0.01256446,0.00909562,0.00486716,0.00841968,0.00496855,0.00688578,0.00776569,0.00716954,0.00795543,0.00617347,0.00873752,0.00830462,0.00804271,0.00873391,0.00746616,0.00929552,0.00951256,0.00809460
2019-02-28,0.10504854,0.03693205,0.03696094,0.06941343,0.10846726,0.10766014,0.03220249,0.10577811,0.03949402,0.08582106,0.08539072,0.05415313,0.07743500,0.03269105,0.10244281,0.10867528,0.09677837,0.08529772,0.07361957,0.09427153,0.10193797,0.05131378
2019-03-29,0.06556020,0.04594677,0.01718114,0.03774256,0.05994159,0.06636286,0.01921985,0.06492235,0.01966716,0.04154851,0.03918579,0.02656172,0.04005112,0.01921001,0.06640153,0.06337889,0.05612152,0.04998409,0.03700023,0.05355020,0.06071131,0.02585320
2019-04-30,0.00291393,0.00293290,0.00162003,0.00188137,0.00299944,0.00330372,0.00101979,0.00333196,0.00130222,0.00196138,0.00195107,0.00141675,0.00245627,0.00134758,0.00332990,0.00278959,0.00308130,0.00239756,0.00197855,0.00288828,0.00305841,0.00141824
2019-05-31,-0.04474426,-0.03104108,-0.02134427,-0.02600054,-0.03901436,-0.04804429,-0.01606142,-0.04776613,-0.02229451,-0.04008696,-0.03886017,-0.02217874,-0.04158393,-0.02423358,-0.04698994,-0.03817295,-0.04301543,-0.03623142,-0.03163212,-0.04121453,-0.04327700,-0.01962949
2019-06-28,0.00084475,0.00071978,0.00039925,0.00081060,0.00079486,0.00097699,0.00034021,0.00093840,0.00037643,0.00083733,0.00074962,0.00039432,0.00068352,0.00047756,0.00098155,0.00073331,0.00080794,0.00069037,0.00056928,0.00087948,0.00091004,0.00034910
2019-07-31,0.00455932,0.00428134,0.00205854,0.00324615,0.00403062,0.00530519,0.00192158,0.00496127,0.00221923,0.00412357,0.00388388,0.00339536,0.00391364,0.00177697,0.00516432,0.00367473,0.00423004,0.00350593,0.00301261,0.00462129,0.00479606,0.00179130
2019-08-30,-0.01871929,-0.01382516,-0.00844881,-0.01177279,-0.01524251,-0.02192936,-0.00792410,-0.01994817,-0.00862839,-0.01799356,-0.01972050,-0.00987346,-0.01425190,-0.00938851,-0.01931983,-0.01498997,-0.01599163,-0.01398895,-0.01186820,-0.01880528,-0.01900498,-0.00685232
2019-09-30,-0.00169032,-0.00177968,-0.00075219,-0.00109532,-0.00149565,-0.00207186,-0.00069322,-0.00203478,-0.00071757,-0.00160904,-0.00178979,-0.00076440,-0.00096714,-0.00071015,-0.00193863,-0.00145737,-0.00166603,-0.00134508,-0.00115560,-0.00178986,-0.00187627,-0.00067654
2019-10-31,-0.00756962,-0.00690187,-0.00450168,-0.00626980,-0.00674871,-0.01114210,-0.00340544,-0.01019389,-0.00362282,-0.00678421,-0.00761938,-0.00488166,-0.00780958,-0.00444301,-0.00928089,-0.00784938,-0.00807013,-0.00684518,-0.00523059,-0.00890702,-0.00824439,-0.00259655
2019-11-29,0.00212102,0.00164330,0.00133014,0.00166815,0.00182100,0.00294787,0.00078033,0.00261709,0.00110491,0.00204453,0.00216594,0.00192395,0.00222690,0.00117916,0.00241411,0.00218538,0.00209136,0.00175408,0.00132223,0.00225540,0.00211880,0.00054448
2019-12-31,0.04023316,0.03600097,0.01919734,0.03385857,0.02832349,0.05554167,0.01473973,0.05014081,0.01266818,0.03748653,0.03854964,0.02545237,0.02042188,0.02098302,0.04568434,0.04309987,0.03985330,0.03354947,0.02463601,0.03695015,0.03453373,0.00677149
2020-01-23,-0.02639784,-0.02076817,-0.01425148,-0.01435388,-0.02327113,-0.04213338,-0.01033530,-0.03802951,-0.00789721,-0.02668507,-0.02578422,-0.01644974,-0.01463413,-0.01436712,-0.02596249,-0.03388711,-0.03008697,-0.02467509,-0.01845410,-0.02772663,-0.02575688,-0.00547010
2020-02-28,-0.02978490,-0.01637194,-0.00810115,-0.02260996,-0.02062530,-0.04194163,-0.01295732,-0.03845402,-0.00796400,-0.01668464,-0.02566182,-0.01127249,-0.02022585,-0.00837660,-0.02851562,-0.03122469,-0.03070070,-0.02522405,-0.01995328,-0.02790205,-0.02526895,-0.00514200
2020-03-31,-0.02885718,-0.02702053,-0.01642944,-0.01685120,-0.02012530,-0.04217156,-0.01270136,-0.03847680,-0.00793051,-0.01755836,-0.02206602,-0.01889986,-0.02600975,-0.01921781,-0.02583076,-0.03093048,-0.03092851,-0.02540235,-0.01975250,-0.02850934,-0.02496955,-0.00614860
2020-04-30,0.02565219,0.02592644,0.01314712,0.02112247,0.02123689,0.03810759,0.01254180,0.03653525,0.01036915,0.01824562,0.02112387,0.01205644,0.02283147,0.01339011,0.03091452,0.02542771,0.03375196,0.02426603,0.01867163,0.02945559,0.02759093,0.00752246
2020-05-29,-0.02148796,-0.01505561,-0.01170116,-0.01069663,-0.01664417,-0.02962810,-0.00900907,-0.02588872,-0.00816518,-0.01955297,-0.01753264,-0.01238660,-0.01750734,-0.01294833,-0.02074588,-0.01962948,-0.02147485,-0.01735299,-0.01378909,-0.02125640,-0.02093512,-0.00535400
2020-06-30,0.00698025,0.00524720,0.00494171,0.00385712,0.00510940,0.00996344,0.00328508,0.00915703,0.00269301,0.00624151,0.00616360,0.00542051,0.00612059,0.00481219,0.00672264,0.00696513,0.00774766,0.00614208,0.00492807,0.00702508,0.00718482,0.00194972
2020-07-31,0.04353534,0.03129552,0.02677766,0.02592330,0.03613376,0.06941845,0.02342079,0.06011152,0.01207313,0.03427421,0.03850106,0.02532361,0.03716210,0.03110778,0.03878157,0.04770995,0.05015046,0.04199869,0.03509724,0.04801423,0.04757132,0.01021047
2020-08-31,0.01425025,0.01475219,0.00807499,0.01403748,0.00916810,0.02139761,0.00839907,0.01896998,0.00409287,0.01063608,0.01336145,0.00939373,0.00932481,0.00814605,0.01540268,0.01439876,0.01592044,0.01347796,0.01090141,0.01509538,0.01383381,0.00376895
2020-09-30,-0.02594624,-0.02420220,-0.01710830,-0.01956710,-0.01590074,-0.03783635,-0.01389254,-0.03527669,-0.01078135,-0.02230623,-0.02333179,-0.01520396,-0.02650807,-0.01653414,-0.03030893,-0.02590862,-0.02926196,-0.02323691,-0.01806285,-0.02777705,-0.02528714,-0.00588008
2020-10-30,-0.00328671,-0.00241870,-0.00256521,-0.00177804,-0.00158713,-0.00384308,-0.00177588,-0.00355551,-0.00180088,-0.00293516,-0.00286153,-0.00249480,-0.00295165,-0.00254342,-0.00280133,-0.00246523,-0.00304418,-0.00247434,-0.00208403,-0.00298292,-0.00276742,-0.00070514
2020-11-30,0.01758945,0.01030647,0.01323486,0.00867852,0.00815160,0.02010150,0.00938677,0.01942823,0.00874818,0.01463806,0.01712025,0.01312814,0.01165541,0.01413083,0.01139201,0.01298018,0.01645130,0.01337165,0.01079462,0.01650410,0.01470102,0.00413931
2020-12-31,0.01352357,0.01054860,0.00765998,0.00928267,0.00605408,0.01554117,0.00768815,0.01509224,0.00605422,0.01000502,0.01228041,0.00721685,0.00753403,0.00807958,0.01154505,0.00920897,0.01266260,0.01016689,0.00800658,0.01281849,0.01123522,0.00298831
2021-01-29,0.01081500,0.00832453,0.00766422,0.00822741,0.00397804,0.01272841,0.00756105,0.01242361,0.00596216,0.00905941,0.01059559,0.00760714,0.00939850,0.00661899,0.01062190,0.00624828,0.01065010,0.00889772,0.00707140,0.01051993,0.00938800,0.00255615
2021-02-26,-0.00866357,-0.00285509,-0.00653219,-0.00316911,-0.00214356,-0.00876875,-0.00722293,-0.00905036,-0.00472549,-0.00798434,-0.00798989,-0.00664155,-0.00677030,-0.00673668,-0.00510360,-0.00314460,-0.00842919,-0.00755317,-0.00675743,-0.00811143,-0.00737066,-0.00295641
2021-03-31,-0.01677605,-0.01335504,-0.01421151,-0.00664785,-0.00329261,-0.01868044,-0.01402427,-0.01935095,-0.00769022,-0.01293983,-0.01512888,-0.01189580,-0.00982929,-0.01376565,-0.00767287,-0.00649563,-0.01841009,-0.01633978,-0.01449353,-0.01656150,-0.01495406,-0.00594096
2021-04-30,-0.00329188,-0.00345436,-0.00255897,-0.00267143,-0.00228713,-0.00372120,-0.00326276,-0.00386022,-0.00174365,-0.00223720,-0.00300779,-0.00268587,-0.00243518,-0.00230187,-0.00272239,-0.00278661,-0.00350454,-0.00365730,-0.00358203,-0.00388824,-0.00375161,-0.00265993
2021-05-31,0.01094886,0.00895150,0.00750598,0.00867302,0.00835548,0.01140916,0.00908559,0.01221828,0.00551414,0.00907277,0.01027741,0.00773257,0.00814240,0.00752053,0.01082917,0.00948677,0.01155031,0.01075686,0.01075232,0.01203138,0.01180845,0.00839647
2021-06-30,-0.01389521,-0.01012889,-0.00961994,-0.01040054,-0.01202934,-0.01668256,-0.01120047,-0.01679318,-0.00665327,-0.01170629,-0.01213181,-0.00947165,-0.01281009,-0.00994995,-0.01344200,-0.01383726,-0.01521265,-0.01396861,-0.01298971,-0.01521331,-0.01542159,-0.00972176
2021-07-30,-0.02278399,-0.01817009,-0.01448079,-0.01760436,-0.02103101,-0.02597485,-0.01559717,-0.02825611,-0.01009680,-0.01596214,-0.01658973,-0.01374982,-0.02035659,-0.01521115,-0.01963448,-0.02506804,-0.02611594,-0.02235358,-0.02207081,-0.02180293,-0.02240799,-0.01698135
2021-08-31,0.02539258,0.01508806,0.01807181,0.01624374,0.01746077,0.03207874,0.01979385,0.03327872,0.01295747,0.02066768,0.02168749,0.02002661,0.02018154,0.02036055,0.01820463,0.02433871,0.03052462,0.02566508,0.02178227,0.02708677,0.02581586,0.01455918
2021-09-30,0.00100880,0.00098649,0.00077519,0.00074108,0.00063867,0.00134681,0.00092180,0.00137948,0.00052942,0.00081207,0.00086377,0.00061509,0.00074972,0.00077373,0.00087042,0.00086431,0.00125781,0.00103641,0.00090969,0.00125014,0.00118446,0.00052666
2021-10-29,-0.00357831,-0.00257605,-0.00272319,-0.00282094,-0.00247516,-0.00486423,-0.00271639,-0.00506671,-0.00210235,-0.00251121,-0.00260074,-0.00251159,-0.00323487,-0.00278526,-0.00318309,-0.00340349,-0.00467512,-0.00363949,-0.00325510,-0.00427026,-0.00412932,-0.00183074
2021-11-30,0.00320843,0.00194236,0.00226320,0.00204388,0.00224606,0.00440692,0.00212400,0.00468296,0.00167414,0.00278355,0.00264566,0.00210742,0.00224896,0.00220781,0.00209524,0.00276356,0.00422659,0.00323219,0.00276953,0.00381397,0.00366025,0.00138449
2021-12-31,0.02020254,0.01106643,0.01360912,0.01070437,0.01189716,0.02089316,0.01372978,0.02460759,0.01143213,0.01510446,0.01948453,0.01374000,0.01001210,0.01518531,0.01136456,0.01414166,0.02350349,0.01626065,0.01588002,0.02182000,0.02158421,0.01123166
2022-01-28,-0.03743259,-0.02768176,-0.02839958,-0.02340467,-0.02035674,-0.03465022,-0.03164633,-0.04158146,-0.02189381,-0.02396335,-0.03852948,-0.02592963,-0.01982868,-0.03281020,-0.02237165,-0.02167591,-0.04239603,-0.03424748,-0.03351939,-0.03676627,-0.03744472,-0.02791237
2022-02-28,0.02506052,0.02069146,0.01506570,0.01911351,0.01131561,0.01967326,0.01917984,0.02556680,0.01117260,0.01348519,0.02426348,0.01690175,0.01484871,0.01707137,0.01733806,0.01240854,0.02653822,0.02124968,0.02296596,0.02397642,0.02324282,0.01903065
2022-03-31,-0.04470482,-0.02552330,-0.02896660,-0.03173813,-0.01385378,-0.03336613,-0.03625030,-0.04556497,-0.02039245,-0.02765608,-0.04249858,-0.03138382,-0.02559771,-0.02571646,-0.03008451,-0.02056158,-0.04778339,-0.04024144,-0.04130221,-0.04210395,-0.04084326,-0.03423710
2022-04-29,-0.08101905,-0.06706370,-0.04329064,-0.05648137,-0.05116608,-0.06071679,-0.04628432,-0.07693361,-0.04425549,-0.06587630,-0.08360548,-0.04599890,-0.04261361,-0.04984752,-0.06403203,-0.04586393,-0.07777914,-0.05876449,-0.06310765,-0.07164382,-0.07649288,-0.06151565
2022-05-31,0.07279665,0.04939285,0.03741118,0.05081636,0.04884336,0.05613672,0.03503484,0.06653684,0.03568564,0.06308405,0.06922065,0.03935963,0.03972730,0.04061561,0.06945332,0.04167688,0.06621515,0.04906806,0.05519278,0.06004754,0.07059669,0.04517541
2022-06-30,0.01235850,0.00809862,0.00592315,0.00806115,0.00906463,0.00710590,0.00775191,0.00986502,0.00617241,0.00956324,0.01278982,0.00742671,0.00520912,0.00631806,0.00899588,0.00632934,0.01009147,0.00754838,0.00988869,0.00969846,0.01113326,0.01001085
2022-07-29,0.00918145,0.00587900,0.00448925,0.00562633,0.00668407,0.00550289,0.00569012,0.00695335,0.00460856,0.00495967,0.00928792,0.00423356,0.00406562,0.00405403,0.00621355,0.00413665,0.00702381,0.00554891,0.00719650,0.00662786,0.00815778,0.00740238
2022-08-31,-0.00704063,-0.00620006,-0.00288391,-0.00442852,-0.00635266,-0.00397181,-0.00408100,-0.00555550,-0.00327315,-0.00428368,-0.00654202,-0.00389853,-0.00365611,-0.00321676,-0.00718405,-0.00430583,-0.00549374,-0.00481909,-0.00603614,-0.00556271,-0.00668497,-0.00815266
2022-09-30,-0.04661980,-0.04025710,-0.01921918,-0.03091092,-0.04113744,-0.02744178,-0.02623336,-0.03968891,-0.01941332,-0.03132150,-0.04104318,-0.02896137,-0.02592579,-0.02193061,-0.04360195,-0.03125509,-0.03860822,-0.03199876,-0.03876536,-0.03859950,-0.04429635,-0.05502156
2022-10-31,0.00547559,0.00505076,0.00203648,0.00395501,0.00647955,0.00205556,0.00387522,0.00476480,0.00251693,0.00358785,0.00419607,0.00337856,0.00237312,0.00181761,0.00516705,0.00447820,0.00504535,0.00429317,0.00581187,0.00428594,0.00489900,0.00821659
2022-11-30,0.04291016,0.04052293,0.01283155,0.04180623,0.05349595,0.01746981,0.03094707,0.03942042,0.02084382,0.03259877,0.03941330,0.02298452,0.03062991,0.01391479,0.04649443,0.03666225,0.04174424,0.03467486,0.04930156,0.03294200,0.04226699,0.06194131
2022-12-30,-0.02308766,-0.01965862,-0.00793103,-0.01362265,-0.03364732,-0.01176273,-0.01277272,-0.02166191,-0.01102887,-0.01897493,-0.02064038,-0.01220254,-0.02282388,-0.01267351,-0.02924975,-0.02329893,-0.02233868,-0.01717115,-0.02362974,-0.02075672,-0.02355064,-0.03653829
2023-01-31,0.02915004,0.03165638,0.00944465,0.02995289,0.04578664,0.01685419,0.01525280,0.03018645,0.01282628,0.02534952,0.02382686,0.01064482,0.02476021,0.01140594,0.04055238,0.03484337,0.03032123,0.02168863,0.03055686,0.02724923,0.02960838,0.04727679
2023-02-28,0.01035636,0.01109714,0.00454274,0.00578086,0.01613638,0.00489620,0.00679231,0.01020642,0.00635596,0.00726717,0.00793921,0.00739888,0.01047022,0.00382879,0.01469128,0.01041041,0.01044200,0.00725951,0.01160902,0.01000117,0.01135063,0.01841917
2023-03-31,-0.01128638,-0.01243665,-0.00755978,-0.00904379,-0.02055647,-0.00527118,-0.00974542,-0.01171968,-0.00793675,-0.01163030,-0.01050767,-0.00858772,-0.01394972,-0.00720941,-0.01742825,-0.01195129,-0.01225184,-0.00859538,-0.01442426,-0.01357125,-0.01382848,-0.02429762
2023-04-28,-0.00283651,-0.00376682,-0.00158242,-0.00222729,-0.00510891,-0.00100287,-0.00301322,-0.00281569,-0.00197646,-0.00272091,-0.00241384,-0.00223857,-0.00221827,-0.00194766,-0.00375179,-0.00262971,-0.00294771,-0.00182553,-0.00364745,-0.00294706,-0.00335118,-0.00616898
2023-05-31,-0.00592934,-0.00695797,-0.00230043,-0.00755341,-0.01155641,-0.00255774,-0.00616831,-0.00514049,-0.00390534,-0.00593014,-0.00506030,-0.00462786,-0.00627435,-0.00270249,-0.00973068,-0.00588408,-0.00565591,-0.00396990,-0.00844284,-0.00616152,-0.00701020,-0.01351007
2023-06-30,0.00415308,0.00467982,0.00196443,0.00427578,0.00685623,0.00145431,0.00344490,0.00299981,0.00248427,0.00442734,0.00394941,0.00331608,0.00414997,0.00187699,0.00645335,0.00269938,0.00335678,0.00224640,0.00463162,0.00396513,0.00466335,0.00805788
2023-07-31,0.03012789,0.03490406,0.00935498,0.03286721,0.04574092,0.01130248,0.02385723,0.02277952,0.01857602,0.03402860,0.03062208,0.01278806,0.02932722,0.01151650,0.04701769,0.01908227,0.02488740,0.01872481,0.03304627,0.02521170,0.02957094,0.05172977
2023-08-31,-0.01958139,-0.01824447,-0.01086945,-0.02029889,-0.03125521,-0.00951797,-0.01461978,-0.01286026,-0.01271800,-0.02618176,-0.02235142,-0.01477477,-0.02084403,-0.01152655,-0.02968175,-0.01161390,-0.01393518,-0.01187255,-0.02162620,-0.01478186,-0.01782279,-0.03553639
2023-09-28,0.00041495,0.00047652,0.00022107,0.00042908,0.00065093,0.00021010,0.00034050,0.00026875,0.00024611,0.00045807,0.00049678,0.00031230,0.00036538,0.00021838,0.00055702,0.00028115,0.00028126,0.00024793,0.00046515,0.00032711,0.00037123,0.00075532
2023-10-31,-0.00418957,-0.00442227,-0.00235625,-0.00297173,-0.00586064,-0.00201381,-0.00287913,-0.00255413,-0.00215173,-0.00364717,-0.00432022,-0.00226850,-0.00299815,-0.00205639,-0.00470633,-0.00283945,-0.00263048,-0.00239539,-0.00398975,-0.00255242,-0.00368275,-0.00685966
2023-11-30,0.01086641,0.01159842,0.00530555,0.01028596,0.01513797,0.00471717,0.00681503,0.00738877,0.00586382,0.01129557,0.01184293,0.00661274,0.00883199,0.00497449,0.01462169,0.00731180,0.00781952,0.00793741,0.01051947,0.00627994,0.00910175,0.01830382
2023-12-29,-0.01167202,-0.00893625,-0.00603665,-0.00843505,-0.01676096,-0.00571328,-0.00777617,-0.00787773,-0.00790145,-0.01112943,-0.01128347,-0.00732552,-0.01201581,-0.00678201,-0.01442124,-0.01002783,-0.00786438,-0.00963076,-0.01201438,-0.00717592,-0.01033091,-0.01886178
2024-01-31,-0.06208519,-0.05581133,-0.04996076,-0.03945454,-0.10054783,-0.03965668,-0.04559324,-0.04958074,-0.03998147,-0.06859699,-0.06376490,-0.06926730,-0.06358769,-0.05952088,-0.07492548,-0.06376077,-0.05076317,-0.05739606,-0.07158531,-0.04372891,-0.05660235,-0.11006238
2024-02-29,-0.00525314,-0.00624315,-0.00530761,-0.00365420,-0.00986111,-0.00370105,-0.00452870,-0.00454769,-0.00341939,-0.00594106,-0.00468206,-0.00585286,-0.00621837,-0.00663679,-0.00566971,-0.00714499,-0.00479376,-0.00531809,-0.00665114,-0.00407560,-0.00483552,-0.00995882
2024-03-29,0.00809096,0.01159011,0.00591064,0.00902070,0.01745875,0.00551338,0.00756083,0.00771795,0.00509155,0.00701852,0.00616082,0.00785241,0.00666972,0.00599640,0.00878987,0.01229043,0.00827494,0.00971357,0.01186341,0.00684964,0.00811730,0.01875007
2024-04-30,-0.00086546,-0.00099114,-0.00097728,-0.00062657,-0.00174506,-0.00052484,-0.00073860,-0.00068157,-0.00057971,-0.00064546,-0.00072113,-0.00088568,-0.00093264,-0.00096635,-0.00086735,-0.00085897,-0.00076071,-0.00082707,-0.00105086,-0.00066473,-0.00082413,-0.00184188
2024-05-31,-0.01349418,-0.01357973,-0.01049346,-0.01384708,-0.02797874,-0.00761263,-0.01324998,-0.01030434,-0.00903580,-0.01521629,-0.01037510,-0.01132461,-0.01251207,-0.01135053,-0.01819162,-0.01256246,-0.01122383,-0.01489481,-0.01897903,-0.01278263,-0.01472482,-0.03125836
2024-06-28,-0.04518927,-0.05582779,-0.04673493,-0.03807176,-0.08869519,-0.02620513,-0.04481142,-0.03964114,-0.02885876,-0.04741635,-0.03692706,-0.04920759,-0.04694207,-0.05260009,-0.05322538,-0.04230219,-0.04143052,-0.05037169,-0.06481824,-0.04386519,-0.04916447,-0.10215074
2024-07-31,0.01221153,0.01643491,0.00763569,0.01630971,0.02431404,0.00671536,0.01217739,0.01234977,0.00699660,0.01465087,0.01012384,0.00641685,0.00945976,0.00757908,0.01586671,0.01510881,0.01325827,0.01387665,0.01831225,0.01378780,0.01224121,0.02816078
2024-08-30,-0.01109944,-0.01357837,-0.00789182,-0.01371270,-0.02345213,-0.00676736,-0.01179923,-0.01138616,-0.00826860,-0.01796116,-0.01436155,-0.01022299,-0.01519017,-0.00907529,-0.02051530,-0.01340913,-0.01194243,-0.01293499,-0.01568507,-0.01351217,-0.01184793,-0.02696867
2024-09-30,0.07667697,0.05969932,0.04254448,0.11640604,0.14033483,0.03719393,0.07896114,0.06821769,0.05740751,0.10272180,0.08314459,0.05110083,0.10627894,0.05302800,0.09746568,0.09304698,0.07132085,0.07730975,0.10153462,0.07990415,0.07633114,0.16129253
2024-10-31,0.00933691,0.01045067,0.00515308,0.01070055,0.01843526,0.00435605,0.00966822,0.01005106,0.00765578,0.01196973,0.01106383,0.00959147,0.01228238,0.00474173,0.01350041,0.01350682,0.01097100,0.01119457,0.01382600,0.01078228,0.01003705,0.02086190
2024-11-29,0.02777770,0.05108480,0.01708835,0.03309572,0.05862594,0.01685698,0.03147396,0.03890204,0.02384759,0.02819196,0.03243394,0.02361053,0.03395270,0.01535303,0.06019117,0.04341870,0.04058698,0.03331492,0.04005155,0.03950776,0.03697731,0.06870954
2024-12-31,-0.01659468,-0.02207384,-0.01345718,-0.01338303,-0.03497315,-0.01408819,-0.01443773,-0.02568279,-0.01379506,-0.02110350,-0.01748894,-0.01543825,-0.02151190,-0.01350261,-0.03196597,-0.02924388,-0.02459597,-0.01803787,-0.02184541,-0.02222301,-0.02150517,-0.03623379
2025-01-27,-0.00548270,-0.00817032,-0.00289519,-0.00527686,-0.01211626,-0.00542207,-0.00469797,-0.00867428,-0.00359585,-0.00722968,-0.00541949,-0.00406695,-0.00604488,-0.00366010,-0.01037211,-0.01024154,-0.00823879,-0.00632396,-0.00779540,-0.00640347,-0.00693428,-0.01201892
2025-02-28,0.00706494,0.00776692,0.00212490,0.00630914,0.01300357,0.00652535,0.00420066,0.00954557,0.00261410,0.00754007,0.00519799,0.00387463,0.00520506,0.00213647,0.00954194,0.01223509,0.00862489,0.00640053,0.00785501,0.00729671,0.00726507,0.01088370
2025-03-31,0.00197457,0.00308260,0.00072228,0.00228965,0.00400757,0.00231899,0.00108508,0.00292501,0.00095264,0.00198478,0.00143709,0.00139063,0.00262476,0.00072985,0.00357252,0.00393385,0.00268222,0.00200058,0.00244986,0.00221091,0.00226652,0.00326162
2025-04-30,-0.00667434,-0.00791915,-0.00226200,-0.00498922,-0.01370819,-0.01010613,-0.00396266,-0.01028326,-0.00318102,-0.00563356,-0.00632556,-0.00453635,-0.01010034,-0.00256529,-0.01289497,-0.01269363,-0.00854561,-0.00639425,-0.00684937,-0.00649647,-0.00818944,-0.00812593
2025-05-30,0.00634359,0.00947921,0.00195449,0.00909443,0.01434064,0.01021828,0.00495159,0.00945622,0.00320170,0.00896138,0.00693520,0.00329781,0.00802610,0.00243517,0.01292299,0.01125458,0.00823024,0.00683547,0.00736922,0.00630693,0.00844729,0.00917802
2025-06-30,0.00136257,0.00173951,0.00050935,0.00170138,0.00296849,0.00176594,0.00117442,0.00178903,0.00060709,0.00179707,0.00151355,0.00090448,0.00143644,0.00054786,0.00272009,0.00211845,0.00177615,0.00164103,0.00179328,0.00139436,0.00191201,0.00234572
2025-07-31,0.00752778,0.00823546,0.00280081,0.00659076,0.01425036,0.00682998,0.00672632,0.00862819,0.00368871,0.00869327,0.00789410,0.00475618,0.00780144,0.00330310,0.01398666,0.01016693,0.00874964,0.00921368,0.01006266,0.00847566,0.00948982,0.01329720
2025-08-29,0.00898324,0.01522179,0.00326997,0.01024954,0.02915346,0.01611084,0.00880920,0.01694027,0.00584542,0.01188356,0.01527291,0.00625182,0.01379486,0.00312293,0.02285669,0.02141303,0.01558784,0.01498939,0.01565672,0.01374711,0.01504065,0.01819364
2025-09-30,-0.00568473,-0.01196676,-0.00230766,-0.00955620,-0.02340497,-0.01325754,-0.00565257,-0.01443639,-0.00362511,-0.00664932,-0.00647595,-0.00389678,-0.01063046,-0.00246809,-0.01701425,-0.01870068,-0.01331770,-0.01164256,-0.01288086,-0.00976599,-0.01135190,-0.01562863
2025-10-31,0.00606596,0.00870918,0.00249456,0.00995313,0.01679712,0.00775378,0.00682721,0.01023399,0.00383073,0.00632012,0.00544613,0.00421309,0.00956503,0.00337377,0.01450341,0.01306123,0.00954602,0.00955307,0.01021856,0.00734514,0.00770364,0.01371032
2025-11-28,-0.00187438,-0.00308365,-0.00104047,-0.00193953,-0.00554914,-0.00248622,-0.00223082,-0.00340081,-0.00150560,-0.00286480,-0.00195706,-0.00152753,-0.00352899,-0.00108260,-0.00501278,-0.00434827,-0.00311751,-0.00312127,-0.00333456,-0.00253792,-0.00280356,-0.00456326
2025-12-31,-0.00276638,-0.00445031,-0.00138249,-0.00295263,-0.00873792,-0.00356385,-0.00292219,-0.00533754,-0.00171782,-0.00557246,-0.00321131,-0.00188526,-0.00412612,-0.00153050,-0.00683802,-0.00723594,-0.00502340,-0.00478909,-0.00520848,-0.00344509,-0.00408666,-0.00745793
